date,equity
2022-06-30,1001.5192847178818
2022-07-01,1008.320826512382
2022-07-02,1013.6854566874656
2022-07-03,1011.618668924746
2022-07-04,1015.9983472778796
2022-07-05,1021.4729526038058
2022-07-06,1023.1097714946794
2022-07-07,1027.5580675957267
2022-07-08,1029.2740390695526
2022-07-09,1035.0701459314523
2022-07-10,1032.8016161109495
2022-07-11,1030.3831653123368
2022-07-12,1027.933498537158
2022-07-13,1032.8945406583052
2022-07-14,1041.196386123761
2022-07-15,1038.472111979186
2022-07-16,1043.4989968465443
2022-07-17,1044.7472862829657
2022-07-18,1042.33388135008
2022-07-19,1049.4502446496854
2022-07-20,1046.4047075296894
2022-07-21,1053.137767851116
2022-07-22,1058.7655774768393
2022-07-23,1064.214632637886
2022-07-24,1069.1160052663554
2022-07-25,1074.3321013133
2022-07-26,1080.21362213393
2022-07-27,1077.8434739896836
2022-07-28,1076.6449711007374
2022-07-29,1083.1394683777585
2022-07-30,1089.0224897822486
2022-07-31,1094.1338580800648
2022-08-01,1099.2688011187531
2022-08-02,1104.691525290348
2022-08-03,1101.9707397203476
2022-08-04,1107.1061864738426
2022-08-05,1104.5917387306822
2022-08-06,1105.8225934825482
2022-08-07,1103.7709236963415
2022-08-08,1101.648157667653
2022-08-09,1106.1084205259754
2022-08-10,1103.7652763999454
2022-08-11,1106.4259734093487
2022-08-12,1111.9273783398485
2022-08-13,1112.9583162621548
2022-08-14,1110.7754464296236
2022-08-15,1108.6022460573074
2022-08-16,1113.3562651843888
2022-08-17,1111.0332141432723
2022-08-18,1115.0322951803114
2022-08-19,1119.325431566501
2022-08-20,1124.926864291493
2022-08-21,1126.1384365744868
2022-08-22,1127.206081652881
2022-08-23,1132.2824188403467
2022-08-24,1129.8531271360687
2022-08-25,1126.4625404343535
2022-08-26,1124.2750112473893
2022-08-27,1130.9131801239555
2022-08-28,1135.4253805099404
2022-08-29,1133.0708333494379
2022-08-30,1137.8315248362385
2022-08-31,1139.4143340005435
2022-09-01,1144.7644712227445
2022-09-02,1146.0530000131146
2022-09-03,1143.4962898979466
2022-09-04,1141.4959430590034
2022-09-05,1142.4975121724838
2022-09-06,1143.7209984951635
2022-09-07,1149.3458202313336
2022-09-08,1155.5965599445233
2022-09-09,1153.2376637244815
2022-09-10,1158.285695945657
2022-09-11,1163.3501081331349
2022-09-12,1164.8939202640338
2022-09-13,1166.0679641239642
2022-09-14,1172.341101462569
2022-09-15,1178.1336462618187
2022-09-16,1183.6269721277329
2022-09-17,1188.9254034199232
2022-09-18,1186.6945428100958
2022-09-19,1191.5384924934222
2022-09-20,1197.9994127041114
2022-09-21,1199.583033340758
2022-09-22,1204.4151856660922
2022-09-23,1201.606666912069
2022-09-24,1198.7096085059964
2022-09-25,1199.6411283879884
2022-09-26,1200.8552646738476
2022-09-27,1206.1447033949808
2022-09-28,1207.8514076810302
2022-09-29,1204.9560732862728
2022-09-30,1201.9142506048322
2022-10-01,1198.866576952763
2022-10-02,1202.2610549946573
2022-10-03,1203.2203745190993
2022-10-04,1208.0502700214895
2022-10-05,1213.0988313670491
2022-10-06,1223.2309218023527
2022-10-07,1228.0212442764125
2022-10-08,1225.4370779575358
2022-10-09,1228.712268617186
2022-10-10,1232.0670352754523
2022-10-11,1229.599686832058
2022-10-12,1227.2289739909781
2022-10-13,1225.0816174302345
2022-10-14,1227.043741726514
2022-10-15,1232.1075363294706
2022-10-16,1230.3217955901594
2022-10-17,1234.241168858955
2022-10-18,1235.0562875319008
2022-10-19,1239.7607460379957
2022-10-20,1247.8812848888606
2022-10-21,1245.5455802563959
2022-10-22,1247.7172854962853
2022-10-23,1246.2340789742284
2022-10-24,1243.9295380449378
2022-10-25,1244.621042849003
2022-10-26,1241.8140426231435
2022-10-27,1247.4252541526564
2022-10-28,1252.6511392192192
2022-10-29,1257.5477524688606
2022-10-30,1258.3520597938848
2022-10-31,1256.0497567084356
2022-11-01,1260.6151085402096
2022-11-02,1264.173876962244
2022-11-03,1273.5690720473265
2022-11-04,1271.2758324070373
2022-11-05,1277.2796593679122
2022-11-06,1277.7511733947101
2022-11-07,1275.5135010717368
2022-11-08,1280.07715784201
2022-11-09,1275.8222920402
2022-11-10,1285.7787035221645
2022-11-11,1282.1524508658015
2022-11-12,1278.4696429391433
2022-11-13,1282.6446656086298
2022-11-14,1279.803269011441
2022-11-15,1286.447153159996
2022-11-16,1283.457483544397
2022-11-17,1278.2675513446093
2022-11-18,1283.021356423952
2022-11-19,1286.7684828739798
2022-11-20,1289.0271718404717
2022-11-21,1286.4951675399802
2022-11-22,1283.4604859517578
2022-11-23,1289.0024936146149
2022-11-24,1286.1987221281026
2022-11-25,1289.995773452372
2022-11-26,1293.662017737787
2022-11-27,1294.200466363318
2022-11-28,1295.0354619222628
2022-11-29,1296.131996387419
2022-11-30,1297.2186735208652
2022-12-01,1306.3439078499641
2022-12-02,1307.3965893088607
2022-12-03,1311.4113509902295
2022-12-04,1311.8400162834862
2022-12-05,1312.6048198193294
2022-12-06,1316.639754306226
2022-12-07,1319.9259932693383
2022-12-08,1322.691218356469
2022-12-09,1326.8245185075755
2022-12-10,1328.6761563728412
2022-12-11,1327.0686040484657
2022-12-12,1325.0920468269908
2022-12-13,1328.0266074213473
2022-12-14,1325.5113829713146
2022-12-15,1326.3755754615217
2022-12-16,1330.607313700182
2022-12-17,1335.1831902428298
2022-12-18,1337.8550558043767
2022-12-19,1340.739719286602
2022-12-20,1338.285363229471
2022-12-21,1342.577467250775
2022-12-22,1346.0913806272995
2022-12-23,1346.8820509760717
2022-12-24,1348.5665513886513
2022-12-25,1349.7257586216308
2022-12-26,1350.1026552558628
2022-12-27,1352.1709990987001
2022-12-28,1355.564286933282
2022-12-29,1359.6195663602357
2022-12-30,1361.7914286314667
2022-12-31,1362.798986356934
2023-01-01,1364.6224990506062
2023-01-02,1364.4641300971953
2023-01-03,1364.63145379678
2023-01-04,1362.9005562411123
2023-01-05,1366.2549390602424
2023-01-06,1368.1729355590026
2023-01-07,1370.970541681039
2023-01-08,1369.6354186031494
2023-01-09,1367.5389031382374
2023-01-10,1368.1562143212245
2023-01-11,1371.3255508295445
2023-01-12,1373.5435509180697
2023-01-13,1370.7216858867578
2023-01-14,1372.128088027043
2023-01-15,1378.1141271542244
2023-01-16,1379.399081287981
2023-01-17,1380.6508912587776
2023-01-18,1381.9515357221626
2023-01-19,1386.3405896590482
2023-01-20,1383.945314145205
2023-01-21,1389.8831973577453
2023-01-22,1387.0633732135161
2023-01-23,1384.4619614767992
2023-01-24,1390.1947210873846
2023-01-25,1395.3846325597067
2023-01-26,1399.40263075934
2023-01-27,1400.6206665729135
2023-01-28,1405.3431379307146
2023-01-29,1406.1442516739296
2023-01-30,1410.9606918543448
2023-01-31,1415.6793693528218
2023-02-01,1416.7705545225735
2023-02-02,1422.322561642127
2023-02-03,1427.7988063097346
2023-02-04,1432.4383530190535
2023-02-05,1435.6679516456497
2023-02-06,1440.2066614376372
2023-02-07,1443.7939057310634
2023-02-08,1448.7942149253263
2023-02-09,1450.9454456385984
2023-02-10,1456.3939974868615
2023-02-11,1459.7308156213173
2023-02-12,1457.7153156069785
2023-02-13,1461.878817273911
2023-02-14,1466.179128680682
2023-02-15,1463.4890391481094
2023-02-16,1469.1721603785343
2023-02-17,1474.4669483388934
2023-02-18,1478.943197274987
2023-02-19,1482.7413077019671
2023-02-20,1484.0612433957376
2023-02-21,1481.5670911915622
2023-02-22,1487.2431707692053
2023-02-23,1490.3221873174052
2023-02-24,1495.9398311003413
2023-02-25,1501.6229828793216
2023-02-26,1505.4231434552837
2023-02-27,1509.907511697969
2023-02-28,1515.3819988221144
2023-03-01,1512.8565103907483
2023-03-02,1517.8182344139725
2023-03-03,1519.7130662402242
2023-03-04,1522.8826427338472
2023-03-05,1525.9439315237876
2023-03-06,1529.0050086600065
2023-03-07,1532.3173782247559
2023-03-08,1537.4067761149859
2023-03-09,1546.3243561866739
2023-03-10,1551.5225737859662
2023-03-11,1556.58941933587
2023-03-12,1561.4368495230965
2023-03-13,1567.4756233674761
2023-03-14,1564.7435200957166
2023-03-15,1572.6069517976448
2023-03-16,1570.0646168693304
2023-03-17,1567.0722731973378
2023-03-18,1572.4883262687217
2023-03-19,1578.917581039192
2023-03-20,1584.1489010006023
2023-03-21,1590.7738899401115
2023-03-22,1588.0425096309264
2023-03-23,1593.8953220933472
2023-03-24,1599.2715883998
2023-03-25,1605.3460680114147
2023-03-26,1606.4632216404211
2023-03-27,1607.7741757382028
2023-03-28,1614.096180941833
2023-03-29,1611.3027244864556
2023-03-30,1608.6704610581544
2023-03-31,1614.6956542875828
2023-04-01,1620.1393298117987
2023-04-02,1617.9044296761763
2023-04-03,1618.8720591917456
2023-04-04,1615.860622864873
2023-04-05,1620.8924818455773
2023-04-06,1627.2507754050894
2023-04-07,1631.2513863675172
2023-04-08,1633.9927442881112
2023-04-09,1631.90107884393
2023-04-10,1635.9338361236166
2023-04-11,1642.4933207666018
2023-04-12,1647.4222337853
2023-04-13,1648.4630075855214
2023-04-14,1653.4113944584499
2023-04-15,1657.0998311265237
2023-04-16,1660.1081642499457
2023-04-17,1664.4425931993183
2023-04-18,1665.504517068017
2023-04-19,1666.763308645427
2023-04-20,1673.636026907535
2023-04-21,1679.6237130164636
2023-04-22,1680.850389317764
2023-04-23,1678.220075452448
2023-04-24,1675.4751459127176
2023-04-25,1672.5647028103929
2023-04-26,1669.7517811116973
2023-04-27,1677.546914260265
2023-04-28,1684.3006698432382
2023-04-29,1681.8274228542302
2023-04-30,1685.2588888026378
2023-05-01,1686.3202125177927
2023-05-02,1683.3030362037834
2023-05-03,1689.1589336551824
2023-05-04,1700.597022162386
2023-05-05,1701.8554637263387
2023-05-06,1707.9034792397686
2023-05-07,1713.1138999657192
2023-05-08,1718.3305394098886
2023-05-09,1724.117380553377
2023-05-10,1721.2755270064451
2023-05-11,1728.80985013728
2023-05-12,1735.1915041593368
2023-05-13,1739.1420036033742
2023-05-14,1736.5877059604022
2023-05-15,1741.1791599129306
2023-05-16,1742.208329100529
2023-05-17,1739.5894927927864
2023-05-18,1734.0718552008238
2023-05-19,1731.1123684514598
2023-05-20,1733.7802648128259
2023-05-21,1731.3989513865715
2023-05-22,1732.1966466631302
2023-05-23,1736.7199459237781
2023-05-24,1734.3372347287468
2023-05-25,1739.5977801665035
2023-05-26,1740.477457187473
2023-05-27,1737.9820545194284
2023-05-28,1741.9275845363775
2023-05-29,1747.535274423298
2023-05-30,1748.3831702150753
2023-05-31,1745.7239230785508
2023-06-01,1747.4035051822927
2023-06-02,1744.6540415422621
2023-06-03,1748.0799163866552
2023-06-04,1751.5062400916163
2023-06-05,1749.111104991715
2023-06-06,1755.42732909143
2023-06-07,1757.2486431119323
2023-06-08,1763.1191792553172
2023-06-09,1763.9823252044246
2023-06-10,1761.5613278177905
2023-06-11,1763.161593751151
2023-06-12,1760.4627025504349
2023-06-13,1761.4308569962543
2023-06-14,1758.722463315838
2023-06-15,1769.2192898084643
2023-06-16,1766.4201533724165
2023-06-17,1772.1121642940636
2023-06-18,1769.6654710906578
2023-06-19,1773.746664477706
2023-06-20,1775.2302860657962
2023-06-21,1771.8312195643591
2023-06-22,1777.7624444228886
2023-06-23,1783.3596831863654
2023-06-24,1790.6946205234394
2023-06-25,1788.0317793383817
2023-06-26,1788.9773797237508
2023-06-27,1786.058581567495
2023-06-28,1791.6168968810773
2023-06-29,1793.5166739526292
2023-06-30,1790.721823732456
2023-07-01,1788.316895419102
2023-07-02,1790.9202466832733
2023-07-03,1795.6524102894286
2023-07-04,1800.8223056801314
2023-07-05,1804.9787491290544
2023-07-06,1802.3302605838362
2023-07-07,1808.0824193920612
2023-07-08,1805.4288499267311
2023-07-09,1803.0735340854594
2023-07-10,1803.7257846496539
2023-07-11,1809.5276257537992
2023-07-12,1806.860807718978
2023-07-13,1808.9104626433443
2023-07-14,1815.8652189900454
2023-07-15,1818.7224100386409
2023-07-16,1820.3377344419157
2023-07-17,1823.8122520209179
2023-07-18,1829.0677458965338
2023-07-19,1826.169053130018
2023-07-20,1830.9734177306989
2023-07-21,1836.072784688038
2023-07-22,1839.6029769547808
2023-07-23,1839.657359182287
2023-07-24,1840.5416145176887
2023-07-25,1841.1570145001215
2023-07-26,1841.7419733582483
2023-07-27,1844.850528128539
2023-07-28,1848.1120600735992
2023-07-29,1851.4145881752936
2023-07-30,1853.1767740729017
2023-07-31,1857.2527599181997
2023-08-01,1860.9397192549918
2023-08-02,1866.2668773683608
2023-08-03,1870.9686012783757
2023-08-04,1875.1550342129644
2023-08-05,1879.1568541280012
2023-08-06,1879.1568541280012
2023-08-07,1881.9292123352413
2023-08-08,1882.7052204004415
2023-08-09,1884.008329127516
2023-08-10,1889.4901004650658
2023-08-11,1893.117944335006
2023-08-12,1894.5647394790187
2023-08-13,1894.5647394790187
2023-08-14,1897.4882139203607
2023-08-15,1900.9731438558588
2023-08-16,1904.403054023343
2023-08-17,1909.3493266319194
2023-08-18,1917.861726119492
2023-08-19,1924.43423331483
2023-08-20,1925.1624982884666
2023-08-21,1925.782407062092
2023-08-22,1930.1506465696184
2023-08-23,1936.3381205540716
2023-08-24,1943.781781004694
2023-08-25,1948.5874729646541
2023-08-26,1952.2115089742883
2023-08-27,1954.4644144345546
2023-08-28,1957.4337827612324
2023-08-29,1961.548306297101
2023-08-30,1963.0856110214686
2023-08-31,1960.1625706072912
2023-09-01,1967.0640214300784
2023-09-02,1967.1634176899615
2023-09-03,1969.951723759563
2023-09-04,1974.0834796877498
2023-09-05,1974.883358641671
2023-09-06,1972.3418401999452
2023-09-07,1972.541531550239
2023-09-08,1973.820343725901
2023-09-09,1971.3678018279568
2023-09-10,1969.3608718690518
2023-09-11,1966.6735868166074
2023-09-12,1972.4804662449474
2023-09-13,1969.3673989143367
2023-09-14,1966.324255178534
2023-09-15,1971.801686765967
2023-09-16,1976.7838392717185
2023-09-17,1979.1712957555937
2023-09-18,1976.7708836122945
2023-09-19,1978.0952788403813
2023-09-20,1983.7927104031332
2023-09-21,1989.8391294907242
2023-09-22,1990.3335520624917
2023-09-23,1990.6692274517798
2023-09-24,1993.9212180657444
2023-09-25,1998.668581341096
2023-09-26,2002.4993392832473
2023-09-27,1999.9326502396352
2023-09-28,1997.130454964037
2023-09-29,1998.5604967935192
2023-09-30,1998.7947357254122
2023-10-01,2001.552077194945
2023-10-02,2006.912453023146
2023-10-03,2012.216537592672
2023-10-04,2013.0951670251793
2023-10-05,2018.8138592065154
2023-10-06,2024.015089057917
2023-10-07,2028.2274501519917
2023-10-08,2030.669934451525
2023-10-09,2031.349536478824
2023-10-10,2035.8504492415261
2023-10-11,2040.0652925465824
2023-10-12,2041.069371612461
2023-10-13,2044.8282506271523
2023-10-14,2042.405464939016
2023-10-15,2040.3679725863208
2023-10-16,2037.706703182553
2023-10-17,2039.279705558463
2023-10-18,2036.4327680921438
2023-10-19,2038.0919953577443
2023-10-20,2035.2479212865796
2023-10-21,2036.5119414148003
2023-10-22,2041.696575697484
2023-10-23,2042.6879249783801
2023-10-24,2046.229874316332
2023-10-25,2048.196358474878
2023-10-26,2053.292001616907
2023-10-27,2059.02507135604
2023-10-28,2056.193353110581
2023-10-29,2056.948888268528
2023-10-30,2061.9595820918344
2023-10-31,2067.1251907565393
2023-11-01,2072.174982369306
2023-11-02,2084.040650866172
2023-11-03,2090.5014745313492
2023-11-04,2091.6067641690192
2023-11-05,2092.2585024023906
2023-11-06,2097.9099321327753
2023-11-07,2102.634174236747
2023-11-08,2108.416749326209
2023-11-09,2105.205186967474
2023-11-10,2112.0374898550167
2023-11-11,2117.4675007166484
2023-11-12,2122.29080260839
2023-11-13,2123.01826263615
2023-11-14,2124.168250425682
2023-11-15,2121.4243524831777
2023-11-16,2133.0414123687956
2023-11-17,2138.465640240912
2023-11-18,2135.472246652958
2023-11-19,2139.27107675051
2023-11-20,2144.084044475738
2023-11-21,2150.1175006435606
2023-11-22,2147.1972486500317
2023-11-23,2153.5763608816374
2023-11-24,2150.79605613646
2023-11-25,2156.4540817753004
2023-11-26,2158.995528546386
2023-11-27,2164.42711859727
2023-11-28,2170.0176049746146
2023-11-29,2166.8561412674717
2023-11-30,2165.1433178698817
2023-12-01,2162.4075539310684
2023-12-02,2166.8523000677137
2023-12-03,2172.032478535891
2023-12-04,2168.934012006183
2023-12-05,2175.475880823356
2023-12-06,2181.5926706496384
2023-12-07,2187.448272579121
2023-12-08,2193.290910802249
2023-12-09,2199.026475297369
2023-12-10,2203.5459477649492
2023-12-11,2207.9851253755646
2023-12-12,2213.5864273163584
2023-12-13,2220.688762181948
2023-12-14,2223.85776130307
2023-12-15,2229.631399880754
2023-12-16,2226.6604967757157
2023-12-17,2231.515403431885
2023-12-18,2237.9291386449986
2023-12-19,2239.789999161917
2023-12-20,2236.4079198896907
2023-12-21,2237.8756613100886
2023-12-22,2244.440184601862
2023-12-23,2249.700940439045
2023-12-24,2253.3274005709536
2023-12-25,2250.3187023150977
2023-12-26,2255.644456368705
2023-12-27,2261.720188263981
2023-12-28,2273.603206027337
2023-12-29,2279.743981120598
2023-12-30,2286.840041511794
2023-12-31,2292.0457172766237
2024-01-01,2297.528518772087
2024-01-02,2299.062398609414
2024-01-03,2305.788048432769
2024-01-04,2312.252688792913
2024-01-05,2319.4563668725928
2024-01-06,2320.960017622807
2024-01-07,2317.944954457423
2024-01-08,2324.1905920179634
2024-01-09,2331.3339361069234
2024-01-10,2340.3921672752654
2024-01-11,2359.499490027057
2024-01-12,2368.5306968950513
2024-01-13,2375.8354118867983
2024-01-14,2381.693947081045
2024-01-15,2389.152993616089
2024-01-16,2396.2567692325083
2024-01-17,2403.89923503624
2024-01-18,2410.5621067135653
2024-01-19,2412.2299929613955
2024-01-20,2416.6528665448677
2024-01-21,2417.126120785581
2024-01-22,2418.0963284565873
2024-01-23,2414.7335679246426
2024-01-24,2416.851329616305
2024-01-25,2414.4497767408066
2024-01-26,2420.8881034936585
2024-01-27,2428.398926381776
2024-01-28,2425.366934650516
2024-01-29,2426.8846832219615
2024-01-30,2428.723723190205
2024-01-31,2436.179771929979
2024-02-01,2438.314822508833
2024-02-02,2445.7943752654764
2024-02-03,2452.4453198039055
2024-02-04,2456.475651032918
2024-02-05,2453.017697510922
2024-02-06,2449.5325606714705
2024-02-07,2455.4355141048827
2024-02-08,2460.113110035018
2024-02-09,2456.319134268326
2024-02-10,2464.81528678168
2024-02-11,2461.2288408854024
2024-02-12,2467.8825617535826
2024-02-13,2476.7513024102204
2024-02-14,2478.991714800382
2024-02-15,2487.0136929358882
2024-02-16,2482.813240925927
2024-02-17,2489.537607467629
2024-02-18,2496.7321134276613
2024-02-19,2502.678456109478
2024-02-20,2504.0518414890644
2024-02-21,2506.278603734159
2024-02-22,2517.406398888013
2024-02-23,2525.074203115966
2024-02-24,2526.41256737008
2024-02-25,2531.481603892841
2024-02-26,2536.857976912391
2024-02-27,2532.325070054165
2024-02-28,2527.746028983287
2024-02-29,2540.6281172486624
2024-03-01,2550.028459910812
2024-03-02,2559.0290644627257
2024-03-03,2564.97898864818
2024-03-04,2560.5890423325195
2024-03-05,2568.920020562793
2024-03-06,2561.6249577138433
2024-03-07,2568.9409623273827
2024-03-08,2564.5198348252916
2024-03-09,2572.323793313156
2024-03-10,2568.8304632328245
2024-03-11,2571.0905371620106
2024-03-12,2580.2677950708357
2024-03-13,2582.899246082851
2024-03-14,2591.8050961032523
2024-03-15,2601.4719145508698
2024-03-16,2610.738512614239
2024-03-17,2613.047649011541
2024-03-18,2615.7255488659603
2024-03-19,2625.2957158211234
2024-03-20,2635.7162183316336
2024-03-21,2656.5663840816105
2024-03-22,2668.0187435248145
2024-03-23,2680.291744034138
2024-03-24,2690.077883431838
2024-03-25,2685.12743467622
2024-03-26,2688.099003373807
2024-03-27,2698.590841041161
2024-03-28,2701.5651344034623
2024-03-29,2710.0860973301137
2024-03-30,2716.110258989997
2024-03-31,2716.9435535678977
2024-04-01,2724.050450880625
2024-04-02,2733.5527523433484
2024-04-03,2744.4745103030527
2024-04-04,2756.546013748818
2024-04-05,2767.7999157869713
2024-04-06,2775.986940449969
2024-04-07,2777.8873645048357
2024-04-08,2786.6102747822124
2024-04-09,2781.94348284624
2024-04-10,2776.8232081219585
2024-04-11,2788.0231128490254
2024-04-12,2790.1620410851933
2024-04-13,2792.2537713488687
2024-04-14,2785.7506070684794
2024-04-15,2789.1857875960454
2024-04-16,2784.5179490306514
2024-04-17,2796.6424763606738
2024-04-18,2801.1200486766834
2024-04-19,2804.9045910643745
2024-04-20,2799.4194534073654
2024-04-21,2801.4568254477335
2024-04-22,2803.74118648716
2024-04-23,2805.9190065197768
2024-04-24,2801.239684367167
2024-04-25,2812.43679531368
2024-04-26,2822.7805226330897
2024-04-27,2817.740577587654
2024-04-28,2819.5745295322454
2024-04-29,2815.0974045478815
2024-04-30,2818.1023250628527
2024-05-01,2830.813919294593
2024-05-02,2828.5837601054163
2024-05-03,2823.0214004631575
2024-05-04,2826.3653855174607
2024-05-05,2828.672747853664
2024-05-06,2830.5247679256663
2024-05-07,2841.604024005815
2024-05-08,2836.292236968318
2024-05-09,2846.4570002090663
2024-05-10,2841.254644145144
2024-05-11,2843.512812966408
2024-05-12,2844.9223868014274
2024-05-13,2852.5332440496804
2024-05-14,2854.4368043158056
2024-05-15,2864.2804563585278
2024-05-16,2859.2282125653046
2024-05-17,2869.48454630267
2024-05-18,2864.548908983449
2024-05-19,2870.7672655072815
2024-05-20,2872.59305115939
2024-05-21,2885.552437950147
2024-05-22,2880.3218821252376
2024-05-23,2890.92845629121
2024-05-24,2904.1352678664975
2024-05-25,2905.2813481290655
2024-05-26,2910.746723825567
2024-05-27,2906.252436559315
2024-05-28,2908.50725189689
2024-05-29,2918.9212873840274
2024-05-30,2923.2738177961005
2024-05-31,2918.059031728172
2024-06-01,2918.1555631435012
2024-06-02,2922.0403296977174
2024-06-03,2923.8122431521874
2024-06-04,2934.318825741854
2024-06-05,2944.7533825313135
2024-06-06,2940.0427066416687
2024-06-07,2935.1145548436857
2024-06-08,2942.089638512692
2024-06-09,2938.9001719421203
2024-06-10,2934.5948064092304
2024-06-11,2929.869546803376
2024-06-12,2924.631205375135
2024-06-13,2948.461519181183
2024-06-14,2957.8720784439806
2024-06-15,2965.147540805277
2024-06-16,2969.3584624202854
2024-06-17,2975.5400920544007
2024-06-18,2987.2953853246377
2024-06-19,2990.183684045265
2024-06-20,2985.5723745852238
2024-06-21,2994.1506290000307
2024-06-22,2989.6460256448204
2024-06-23,2992.1758095039377
2024-06-24,2999.2511111808208
2024-06-25,3002.7935126995526
2024-06-26,3013.586128221655
2024-06-27,3031.919941571584
2024-06-28,3033.998056711634
2024-06-29,3039.898341964728
2024-06-30,3040.2938451380114
2024-07-01,3042.642960283927
2024-07-02,3051.7116499927374
2024-07-03,3060.703329878066
2024-07-04,3062.9824520186726
2024-07-05,3066.3908314200326
2024-07-06,3060.381736442229
2024-07-07,3054.933941825419
2024-07-08,3066.967044411903
2024-07-09,3069.9489752135505
2024-07-10,3064.040274355858
2024-07-11,3060.697589078922
2024-07-12,3063.6666925419613
2024-07-13,3058.301917719134
2024-07-14,3060.409055276868
2024-07-15,3071.175717762845
2024-07-16,3065.3170290618573
2024-07-17,3078.161118191224
2024-07-18,3088.826864154011
2024-07-19,3099.3847242427737
2024-07-20,3101.688934983083
2024-07-21,3110.2960407465007
2024-07-22,3122.9353110153966
2024-07-23,3133.7737867643577
2024-07-24,3127.859079908739
2024-07-25,3150.6643946242198
2024-07-26,3144.695130264412
2024-07-27,3139.2431534185084
2024-07-28,3152.7337326487336
2024-07-29,3154.5222118860734
2024-07-30,3167.915014567643
2024-07-31,3179.273288917997
2024-08-01,3191.97382691885
2024-08-02,3195.9271533654796
2024-08-03,3209.270149700286
2024-08-04,3221.9644616284327
2024-08-05,3215.383941098554
2024-08-06,3235.9326999546556
2024-08-07,3251.7508839930865
2024-08-08,3252.1803928010127
2024-08-09,3265.730223595713
2024-08-10,3277.730426164361
2024-08-11,3279.4070196184293
2024-08-12,3293.399392673275
2024-08-13,3306.927412666384
2024-08-14,3310.358054861964
2024-08-15,3325.191620185101
2024-08-16,3329.613344676625
2024-08-17,3337.5279902764687
2024-08-18,3338.833892136844
2024-08-19,3349.6282709749053
2024-08-20,3343.27668866201
2024-08-21,3356.4412380015633
2024-08-22,3373.5358185460914
2024-08-23,3384.187730896806
2024-08-24,3396.473920912566
2024-08-25,3398.7490316386766
2024-08-26,3407.9459478092404
2024-08-27,3420.4750243896383
2024-08-28,3412.943851415257
2024-08-29,3405.5096319991776
2024-08-30,3419.7134152944127
2024-08-31,3423.1314352465847
2024-09-01,3417.8777486806976
2024-09-02,3421.36426840273
2024-09-03,3432.4367322487233
2024-09-04,3446.268044244172
2024-09-05,3472.57809012506
2024-09-06,3465.7106733906817
2024-09-07,3477.9649468100592
2024-09-08,3472.1154545914633
2024-09-09,3475.0663194015156
2024-09-10,3489.9269359908094
2024-09-11,3503.392463618746
2024-09-12,3518.7263610429127
2024-09-13,3531.7972526065596
2024-09-14,3525.1255965970704
2024-09-15,3519.789841770747
2024-09-16,3531.126247600218
2024-09-17,3524.3453730801725
2024-09-18,3539.1733630079893
2024-09-19,3547.386288246418
2024-09-20,3540.8636485511797
2024-09-21,3544.1475094460393
2024-09-22,3551.1545464550572
2024-09-23,3554.303540263179
2024-09-24,3548.211206088402
2024-09-25,3560.72496388025
2024-09-26,3554.701858513598
2024-09-27,3557.782456518182
2024-09-28,3551.7128202203608
2024-09-29,3552.837468493418
2024-09-30,3561.2553696612954
2024-10-01,3572.9231147972196
2024-10-02,3589.438500631327
2024-10-03,3596.596740974546
2024-10-04,3589.9220153445303
2024-10-05,3601.623568290463
2024-10-06,3602.609606336621
2024-10-07,3612.939426909498
2024-10-08,3627.351899419757
2024-10-09,3640.189174115494
2024-10-10,3652.2137719479015
2024-10-11,3645.4155409392592
2024-10-12,3639.1915471851917
2024-10-13,3647.8865699263
2024-10-14,3641.918364856004
2024-10-15,3654.1226918424422
2024-10-16,3657.1706463676474
2024-10-17,3671.56676202123
2024-10-18,3674.4940253370746
2024-10-19,3684.0166519965383
2024-10-20,3679.647262800347
2024-10-21,3681.5778302723515
2024-10-22,3684.5718315058316
2024-10-23,3695.9611673998097
2024-10-24,3708.670342534833
2024-10-25,3719.99657322653
2024-10-26,3731.2116593316427
2024-10-27,3726.050149298101
2024-10-28,3727.7616846038463
2024-10-29,3721.4591659609464
2024-10-30,3735.5672450572824
2024-10-31,3742.153259223393
2024-11-01,3755.61548869142
2024-11-02,3769.6132431764545
2024-11-03,3771.6234055316145
2024-11-04,3784.4856163724244
2024-11-05,3787.9055055951853
2024-11-06,3781.997745262448
2024-11-07,3796.3902189527125
2024-11-08,3799.0567131464304
2024-11-09,3809.1551034446534
2024-11-10,3803.5302709760326
2024-11-11,3805.8696900617774
2024-11-12,3820.273923050748
2024-11-13,3834.7806610305374
2024-11-14,3856.3627804738053
2024-11-15,3860.1082151628634
2024-11-16,3875.660537680384
2024-11-17,3887.2745374515716
2024-11-18,3880.467721335506
2024-11-19,3895.7086986296003
2024-11-20,3887.976539871048
2024-11-21,3902.1873487729067
2024-11-22,3917.115025500978
2024-11-23,3928.273037310613
2024-11-24,3938.2896798473876
2024-11-25,3941.47423261869
2024-11-26,3955.1751581363483
2024-11-27,3947.222134148513
2024-11-28,3954.310200578099
2024-11-29,3947.8288285311014
2024-11-30,3959.963606373179
2024-12-01,3968.007706846622
2024-12-02,3978.452755883541
2024-12-03,3994.322766393772
2024-12-04,4008.2690576100135
2024-12-05,4000.394311728515
2024-12-06,3993.1038960250066
2024-12-07,4009.5426378124976
2024-12-08,4019.5535814897203
2024-12-09,4032.698746968916
2024-12-10,4047.507413782247
2024-12-11,4040.9527550207804
2024-12-12,4061.5200166504624
2024-12-13,4065.4370475922683
2024-12-14,4079.35974789067
2024-12-15,4081.5989234639555
2024-12-16,4085.0825754709326
2024-12-17,4088.7337335015886
2024-12-18,4105.030263937256
2024-12-19,4122.976825503039
2024-12-20,4139.511374667385
2024-12-21,4144.515358492703
2024-12-22,4158.873401415533
2024-12-23,4175.469836186586
2024-12-24,4180.264496410716
2024-12-25,4194.614930791989
2024-12-26,4223.5161409806
2024-12-27,4216.087266131639
2024-12-28,4218.286235525699
2024-12-29,4211.7270429354185
2024-12-30,4204.385171994975
2024-12-31,4222.733772751021
2025-01-01,4214.544972074364
2025-01-02,4207.470130778949
2025-01-03,4222.367321237581
2025-01-04,4234.194626405041
2025-01-05,4243.309211479899
2025-01-06,4236.565638867138
2025-01-07,4252.232814363582
2025-01-08,4256.502581139405
2025-01-09,4291.084668769572
2025-01-10,4310.031844452595
2025-01-11,4311.504295204723
2025-01-12,4305.218171613218
2025-01-13,4298.048157029609
2025-01-14,4288.799264666748
2025-01-15,4292.540093684555
2025-01-16,4308.550715356518
2025-01-17,4313.002285108985
2025-01-18,4328.638544308341
2025-01-19,4343.570069155144
2025-01-20,4336.122010244708
2025-01-21,4342.1447702464975
2025-01-22,4361.591822252399
2025-01-23,4398.099927823712
2025-01-24,4414.095604862455
2025-01-25,4429.482660305501
2025-01-26,4423.039743327177
2025-01-27,4415.999088460816
2025-01-28,4434.260030189919
2025-01-29,4449.5331660458805
2025-01-30,4465.651103542746
2025-01-31,4469.092082580113
2025-02-01,4484.802239841952
2025-02-02,4497.263598087352
2025-02-03,4517.413551998909
2025-02-04,4538.770294180258
2025-02-05,4559.305336693094
2025-02-06,4565.457522562927
2025-02-07,4583.977345295097
2025-02-08,4602.730282490722
2025-02-09,4604.493586943736
2025-02-10,4608.079896177972
2025-02-11,4621.428349960668
2025-02-12,4637.348117518878
2025-02-13,4628.076528281119
2025-02-14,4642.412956313671
2025-02-15,4651.957081654122
2025-02-16,4658.539552312579
2025-02-17,4669.469275592048
2025-02-18,4683.449481579685
2025-02-19,4699.9549529868045
2025-02-20,4692.875217674356
2025-02-21,4685.47188534256
2025-02-22,4693.784492919831
2025-02-23,4701.230263273156
2025-02-24,4711.2128968131465
2025-02-25,4730.786618348013
2025-02-26,4752.527236111075
2025-02-27,4744.120171759122
2025-02-28,4735.202422382897
2025-03-01,4738.301028204151
2025-03-02,4752.113841823653
2025-03-03,4771.507924972439
2025-03-04,4761.364017575716
2025-03-05,4752.375275751629
2025-03-06,4760.599060387081
2025-03-07,4767.304199457686
2025-03-08,4758.685402692773
2025-03-09,4751.17628376459
2025-03-10,4758.5269864018
2025-03-11,4765.016181110571
2025-03-12,4754.49973031004
2025-03-13,4744.65916769725
2025-03-14,4765.116862587346
2025-03-15,4756.358495873762
2025-03-16,4757.371236029722
2025-03-17,4748.389743112231
2025-03-18,4739.652915750296
2025-03-19,4756.093816889539
2025-03-20,4737.8793749678325
2025-03-21,4729.288794985867
2025-03-22,4722.051230748196
2025-03-23,4728.276618492753
2025-03-24,4730.905265057242
2025-03-25,4722.5736030229
2025-03-26,4726.008395697196
2025-03-27,4717.663798775262
2025-03-28,4709.683262198548
2025-03-29,4701.8588203924355
2025-03-30,4694.320135191908
2025-03-31,4698.137275548342
2025-04-01,4715.977191378834
2025-04-02,4719.867492323741
2025-04-03,4713.143705481974
2025-04-04,4704.220915300084
2025-04-05,4694.768248876014
2025-04-06,4697.0315563336435
2025-04-07,4702.678251188577
2025-04-08,4693.722483026599
2025-04-09,4683.63016623624
2025-04-10,4674.133682572347
2025-04-11,4679.7882112594
2025-04-12,4697.253908408881
2025-04-13,4713.014101136647
2025-04-14,4703.474603029106
2025-04-15,4707.908935573233
2025-04-16,4711.3889919611765
2025-04-17,4714.2702225634075
2025-04-18,4717.039903208214
2025-04-19,4711.358887596281
2025-04-20,4720.747899332719
2025-04-21,4723.801405945918
2025-04-22,4741.704697526423
2025-04-23,4731.786612318854
2025-04-24,4735.920807306715
2025-04-25,4728.135841905906
2025-04-26,4744.537431215131
2025-04-27,4754.8419236444315
2025-04-28,4756.464457298654
2025-04-29,4772.290417498684
2025-04-30,4786.297062867701
2025-05-01,4791.690241131269
2025-05-02,4806.220700959
2025-05-03,4819.423302811517
2025-05-04,4827.588320726838
2025-05-05,4829.828281114164
2025-05-06,4832.986711128314
2025-05-07,4848.807080921261
2025-05-08,4840.48801775384
2025-05-09,4845.089551358733
2025-05-10,4848.210301238738
2025-05-11,4861.673696426885
2025-05-12,4875.984733814233
2025-05-13,4893.930288484766
2025-05-14,4896.954752578736
2025-05-15,4915.284535591162
2025-05-16,4932.559401971326
2025-05-17,4924.8854916664195
2025-05-18,4917.887138919762
2025-05-19,4937.034287363782
2025-05-20,4953.563346072265
2025-05-21,4971.739808755149
2025-05-22,4994.268540022778
2025-05-23,4997.540581534174
2025-05-24,5001.118316771878
2025-05-25,5013.767923374319
2025-05-26,5028.168708927249
2025-05-27,5030.978616200678
2025-05-28,5046.519364773347
2025-05-29,5075.438822006452
2025-05-30,5092.8548023548865
2025-05-31,5108.191607809877
2025-06-01,5109.554989301123
2025-06-02,5121.509825947313
2025-06-03,5136.074349681859
2025-06-04,5150.67222089062
2025-06-05,5163.271918620421
2025-06-06,5153.455891678002
2025-06-07,5145.400659099739
2025-06-08,5155.103827883583
2025-06-09,5156.646490326598
2025-06-10,5171.969583859035
2025-06-11,5187.78194316637
2025-06-12,5205.129802511867
2025-06-13,5209.596406256235
2025-06-14,5224.242670503912
2025-06-15,5235.257590511332
2025-06-16,5237.18631125056
2025-06-17,5253.385003549978
2025-06-18,5269.379169296216
2025-06-19,5285.757438383805
2025-06-20,5297.637962937028
2025-06-21,5308.50978541927
2025-06-22,5325.057014193044
2025-06-23,5343.138842799974
2025-06-24,5362.0887486736665
2025-06-25,5353.787066325638
2025-06-26,5360.432098002406
2025-06-27,5352.502095718607
2025-06-28,5361.154167066361
2025-06-29,5360.85700133764
2025-06-30,5371.942880678551
2025-07-01,5384.709526767602
2025-07-02,5376.679626162761
2025-07-03,5379.433775807864
2025-07-04,5393.040139258902
2025-07-05,5403.374557460325
2025-07-06,5407.195394200877
2025-07-07,5409.453039052616
2025-07-08,5411.414845033157
2025-07-09,5422.207382324052
2025-07-10,5431.244895260396
2025-07-11,5422.168086919295
2025-07-12,5434.506569277522
2025-07-13,5427.373663545449
2025-07-14,5419.389373728256
2025-07-15,5435.309419183299
2025-07-16,5440.210916463874
2025-07-17,5456.995931809141
2025-07-18,5474.150182378546
2025-07-19,5487.659059386012
2025-07-20,5480.450825692955
2025-07-21,5482.989790234421
2025-07-22,5499.594283949497
2025-07-23,5515.519386524296
2025-07-24,5545.726289638491
2025-07-25,5559.497393632825
2025-07-26,5552.319253369969
2025-07-27,5552.48290441994
2025-07-28,5563.535475098894
2025-07-29,5566.1249115847895
2025-07-30,5579.332091322369
2025-07-31,5594.024630075482
2025-08-01,5610.110930840091
2025-08-02,5627.289721350965
2025-08-03,5619.175394024546
2025-08-04,5629.800361946112
2025-08-05,5641.717326859159
2025-08-06,5645.017478446229
2025-08-07,5659.763775633672
2025-08-08,5673.1665479057565
2025-08-09,5665.779416899385
2025-08-10,5658.8758412638745
2025-08-11,5651.420861698927
2025-08-12,5667.098400776607
2025-08-13,5681.681331035446
2025-08-14,5699.06271996735
2025-08-15,5716.6026544932465
2025-08-16,5731.003944024568
2025-08-17,5724.996053997068
2025-08-18,5735.724935610804
2025-08-19,5750.146200735481
2025-08-20,5764.88593514171
2025-08-21,5783.951388135261
2025-08-22,5798.190446065183
2025-08-23,5815.733517333115
2025-08-24,5808.630766878321
2025-08-25,5813.040687492642
2025-08-26,5830.732026479843
2025-08-27,5846.69320301282
2025-08-28,5837.81203198253
2025-08-29,5851.714156842911
2025-08-30,5865.795264235672
2025-08-31,5874.932269918654
2025-09-01,5885.744661711562
2025-09-02,5877.042226757385
2025-09-03,5893.861076308232
2025-09-04,5900.616354077244
2025-09-05,5892.1607122366695
2025-09-06,5906.289886082448
2025-09-07,5899.5120236757975
2025-09-08,5900.397692209409
2025-09-09,5902.3822010889635
2025-09-10,5894.370394450576
2025-09-11,5886.610422349511
2025-09-12,5900.769107388223
2025-09-13,5912.437538934274
2025-09-14,5905.36981184733
2025-09-15,5906.862764514869
2025-09-16,5899.192017937444
2025-09-17,5911.071801755718
2025-09-18,5917.827536123789
2025-09-19,5928.522942648449
2025-09-20,5929.85115794755
2025-09-21,5923.897802121541
2025-09-22,5932.764902399623
2025-09-23,5945.187136548171
2025-09-24,5957.485593375273
2025-09-25,5959.812264867388
2025-09-26,5977.44464605487
2025-09-27,5990.293071184714
2025-09-28,5994.9027031118985
2025-09-29,5996.56009284509
2025-09-30,6010.112713366655
2025-10-01,6002.065768171361
2025-10-02,6004.4901397345475
2025-10-03,6019.158959094665
2025-10-04,6033.934458976949
2025-10-05,6042.77889068805
2025-10-06,6055.933910796678
2025-10-07,6070.76295942446
2025-10-08,6088.367695195892
2025-10-09,6103.712758613263
2025-10-10,6120.67097187333
2025-10-11,6106.773610066011
2025-10-12,6097.888979299769
2025-10-13,6112.405741351052
2025-10-14,6129.066684163587
2025-10-15,6143.481692297106
2025-10-16,6176.887820598683
2025-10-17,6192.56753041847
2025-10-18,6208.372991564847
2025-10-19,6218.87986981089
2025-10-20,6210.47446909599
2025-10-21,6226.3812430460675
2025-10-22,6244.933670540365
2025-10-23,6259.9407637407085
2025-10-24,6250.804480485981
2025-10-25,6261.441148434068
2025-10-26,6270.210346918824
2025-10-27,6273.27317712644
2025-10-28,6287.340309509355
2025-10-29,6304.6642956428395
2025-10-30,6335.572685666274
2025-10-31,6350.556925899216
2025-11-01,6364.846877282057
2025-11-02,6373.750360461544
2025-11-03,6387.237354316958
2025-11-04,6403.690657937276
2025-11-05,6408.1679068454105
2025-11-06,6412.434662394256
2025-11-07,6416.656542565507
2025-11-08,6408.88719836849
2025-11-09,6422.361602503606
2025-11-10,6437.451194808614
2025-11-11,6455.545737476142
2025-11-12,6446.224884630449
2025-11-13,6469.994329522441
2025-11-14,6461.433691074408
2025-11-15,6453.536431811054
2025-11-16,6456.397388994624
2025-11-17,6473.620346382727
2025-11-18,6464.995597435106
2025-11-19,6457.028079846631
2025-11-20,6474.625807070141
2025-11-21,6465.282763197331
2025-11-22,6469.6193940252415
2025-11-23,6473.851380776948
2025-11-24,6463.588824749155
2025-11-25,6483.727935726022
2025-11-26,6499.600813388561
2025-11-27,6496.031481551424
2025-11-28,6498.872986588265
2025-11-29,6514.56506756897
2025-11-30,6526.723842069952
2025-12-01,6546.402323032473
2025-12-02,6563.87469642106
2025-12-03,6568.584335098108
2025-12-04,6557.722036866051
2025-12-05,6577.55747692436
2025-12-06,6592.8400269797
2025-12-07,6605.256414910117
2025-12-08,6609.615305204299
2025-12-09,6614.5950721796735
2025-12-10,6604.990792921307
2025-12-11,6598.037025531313
2025-12-12,6602.859829889707
2025-12-13,6617.883941621575
2025-12-14,6628.115501200688
2025-12-15,6646.992168353424
2025-12-16,6650.0548064894665
2025-12-17,6670.978774275304
2025-12-18,6661.812706252292
2025-12-19,6652.513838852201
2025-12-20,6670.902057168162
2025-12-21,6680.692259775905
2025-12-22,6671.227825887163
2025-12-23,6690.706539283079
2025-12-24,6710.5501861360535
2025-12-25,6724.979558336706
2025-12-26,6715.9126520051805
2025-12-27,6724.979988051315
2025-12-28,6732.970401068619
2025-12-29,6734.156964941614
2025-12-30,6750.661273371736
2025-12-31,6767.599787494554
2026-01-01,6782.356147767429
2026-01-02,6793.474008750185
2026-01-03,6814.022248210622
2026-01-04,6815.620804894475
2026-01-05,6818.347744741046
2026-01-06,6837.206817651563
2026-01-07,6859.520382083861
2026-01-08,6869.488911620469
2026-01-09,6887.617255187058
2026-01-10,6890.711820170188
2026-01-11,6882.567684633432
2026-01-12,6873.507373309066
2026-01-13,6863.189685642285
2026-01-14,6885.9125656133
2026-01-15,6907.826579346734
2026-01-16,6926.804963801095
2026-01-17,6942.263859862514
2026-01-18,6949.627536245179
2026-01-19,6966.409125297481
2026-01-20,6980.131487894004
2026-01-21,7002.485499982674
2026-01-22,7002.913718233115
2026-01-23,7021.4928189865595
2026-01-24,7041.967966340504
2026-01-25,7049.382217119098
2026-01-26,7070.291081233073
2026-01-27,7091.1539662679115
2026-01-28,7111.874891648076
2026-01-29,7133.667107798053
2026-01-30,7122.545045983246
2026-01-31,7128.611373619406
2026-02-01,7156.032611156902
2026-02-02,7145.569564718221
2026-02-03,7133.529919584849
2026-02-04,7159.782571126374
2026-02-05,7215.12973847132
2026-02-06,7229.293618735337
2026-02-07,7259.239506890181
2026-02-08,7280.2634812464685
2026-02-09,7270.266098215342
2026-02-10,7259.9427343301595
2026-02-11,7249.959015146528
2026-02-12,7238.961799670408
2026-02-13,7244.44104376995
2026-02-14,7232.3567229090995
2026-02-15,7221.184588649302
2026-02-16,7209.3635151131875
2026-02-17,7196.607054863576
2026-02-18,7184.137075714974
2026-02-19,7177.615578646871
2026-02-20,7165.192650422768
2026-02-21,7170.657076066046
2026-02-22,7160.206252552248
2026-02-23,7166.6357659465975
2026-02-24,7153.552176173702
2026-02-25,7179.457235735076
2026-02-26,7202.667109627102
2026-02-27,7189.953892134659
2026-02-28,7177.7904012731
2026-03-01,7201.114783075825
2026-03-02,7190.295198254449
2026-03-03,7196.5671356316925
2026-03-04,7185.710181112499
2026-03-05,7244.171445518161
2026-03-06,7271.735687707117
2026-03-07,7297.739016577432
2026-03-08,7315.931163458635
2026-03-09,7302.338180300483
2026-03-10,7288.643965804107
2026-03-11,7318.599066420418
2026-03-12,7346.675428286745
2026-03-13,7353.893017742685
2026-03-14,7379.746301180573
2026-03-15,7369.511145690213
2026-03-16,7357.023989391576
2026-03-17,7384.882174878394
2026-03-18,7410.662680424485
2026-03-19,7423.387352832472
2026-03-20,7452.114014558009
2026-03-21,7474.758018314209
2026-03-22,7496.437471257183
2026-03-23,7502.591108911676
2026-03-24,7509.441400453639
2026-03-25,7495.309206243492
2026-03-26,7501.622415144629
2026-03-27,7488.152903462172
2026-03-28,7493.639881055108
2026-03-29,7482.183583830876
2026-03-30,7508.050488917747
2026-03-31,7514.9716429493665
2026-04-01,7522.516443436606
2026-04-02,7574.384644382714
2026-04-03,7598.527961728831
2026-04-04,7588.830458006155
2026-04-05,7602.420347245316
2026-04-06,7589.415181484486
2026-04-07,7614.89773807584
2026-04-08,7622.863963194753
2026-04-09,7649.187843240415
2026-04-10,7679.096792311875
2026-04-11,7703.470101666766
2026-04-12,7725.638806593644
2026-04-13,7747.105279604448
2026-04-14,7732.166476626064
2026-04-15,7761.48379521752
2026-04-16,7793.3512594919985
2026-04-17,7778.613037128592
2026-04-18,7805.490996978831
2026-04-19,7824.555424569619
2026-04-20,7830.677591555984
2026-04-21,7857.359371235768
2026-04-22,7842.79034325016
2026-04-23,7868.1235948646345
2026-04-24,7893.303631676988
2026-04-25,7911.255580173948
2026-04-26,7912.286518281242
2026-04-27,7936.992680387346
2026-04-28,7959.005460298826
2026-04-29,7962.366375916721
2026-04-30,7989.113265893241
