time,equity
2022-06-30 13:00:00,1001.2934861566309
2022-06-30 14:00:00,999.7131992817434
2022-07-01 00:00:00,997.8463834340965
2022-07-01 01:00:00,995.9789701897114
2022-07-02 00:00:00,997.2594715853364
2022-07-02 01:00:00,995.734575218416
2022-07-03 00:00:00,994.4964395471804
2022-07-03 01:00:00,995.3725796270784
2022-07-04 00:00:00,994.0527819154166
2022-07-04 01:00:00,995.0638921536784
2022-07-05 00:00:00,993.4907437303575
2022-07-05 01:00:00,991.9540503135656
2022-07-06 00:00:00,990.3133712620303
2022-07-06 01:00:00,991.7520505918033
2022-07-07 00:00:00,990.3806171690832
2022-07-07 01:00:00,989.0121605853038
2022-07-08 00:00:00,990.253869233746
2022-07-08 01:00:00,988.6166564640256
2022-07-09 05:00:00,989.7735745777128
2022-07-09 06:00:00,990.8485310962976
2022-07-10 00:00:00,989.4885751487858
2022-07-10 01:00:00,988.191990281535
2022-07-11 00:00:00,986.7939265459539
2022-07-11 01:00:00,987.9422866371517
2022-07-12 00:00:00,989.1067689957466
2022-07-12 01:00:00,987.6617800269017
2022-07-13 00:00:00,988.8078762498175
2022-07-13 01:00:00,989.9175643235724
2022-07-14 14:00:00,988.5118253033851
2022-07-14 15:00:00,989.6861425865171
2022-07-15 00:00:00,988.1010405654869
2022-07-15 01:00:00,986.5093853488665
2022-07-16 01:00:00,987.6308436694328
2022-07-16 02:00:00,988.7211921968787
2022-07-17 01:00:00,987.2659708761984
2022-07-17 02:00:00,985.8215688567507
2022-07-18 00:00:00,984.4185920532303
2022-07-18 01:00:00,983.0244335138871
2022-07-19 00:00:00,984.65609314564
2022-07-19 01:00:00,986.3007169327751
2022-07-20 00:00:00,984.4913856570333
2022-07-20 01:00:00,982.6873909905437
2022-07-21 00:00:00,984.2202322278054
2022-07-21 01:00:00,985.7620658611824
2022-07-22 00:00:00,987.0407009667869
2022-07-22 01:00:00,988.2838133041483
2022-07-23 00:00:00,989.5065302552943
2022-07-23 01:00:00,990.7091884611106
2022-07-24 00:00:00,991.8109205441787
2022-07-24 01:00:00,990.4249049362086
2022-07-25 00:00:00,991.5778696372222
2022-07-25 01:00:00,992.715130087091
2022-07-26 01:00:00,994.02726802065
2022-07-26 03:00:00,995.3499757396818
2022-07-27 00:00:00,993.9324210548106
2022-07-27 01:00:00,992.5399175704275
2022-07-28 00:00:00,990.9339213910638
2022-07-28 13:00:00,989.3813034008556
2022-07-28 14:00:00,987.8252020805601
2022-07-29 00:00:00,986.1423804694906
2022-07-29 01:00:00,984.4666428583528
2022-07-30 00:00:00,982.9090686183567
2022-07-30 01:00:00,981.3794881349988
2022-07-31 04:00:00,982.4184531255571
2022-07-31 06:00:00,983.4217465676688
2022-08-01 00:00:00,984.5077766998081
2022-08-01 01:00:00,985.593630729471
2022-08-02 00:00:00,986.7444290781808
2022-08-02 01:00:00,987.895847258813
2022-08-03 00:00:00,986.3990502169011
2022-08-03 01:00:00,984.9015673381072
2022-08-04 00:00:00,985.9778066653715
2022-08-04 01:00:00,987.0594586495931
2022-08-05 00:00:00,985.6966597758834
2022-08-05 01:00:00,984.3139601149538
2022-08-06 05:00:00,983.1034820542596
2022-08-06 06:00:00,981.9130154697175
2022-08-07 00:00:00,982.5579086649848
2022-08-07 01:00:00,983.2126198357862
2022-08-08 04:00:00,983.9503354357654
2022-08-08 06:00:00,982.7714557777562
2022-08-09 11:00:00,981.5660534460346
2022-08-09 12:00:00,980.3756963125453
2022-08-10 08:00:00,979.178792506862
2022-08-10 09:00:00,977.9808051517881
2022-08-11 00:00:00,976.4513185072171
2022-08-11 13:00:00,977.5534868468877
2022-08-11 14:00:00,978.715884953813
2022-08-12 00:00:00,979.874417223286
2022-08-12 01:00:00,981.0250311207452
2022-08-13 00:00:00,979.7762121213894
2022-08-13 01:00:00,978.5413287608428
2022-08-14 08:00:00,977.3373289095631
2022-08-14 11:00:00,976.1325947212007
2022-08-15 01:00:00,974.9621333262514
2022-08-15 02:00:00,973.7669305222718
2022-08-16 00:00:00,974.7566964339326
2022-08-16 01:00:00,975.709470285829
2022-08-17 00:00:00,974.4675641191412
2022-08-17 01:00:00,973.2299350427189
2022-08-18 03:00:00,972.0586171836105
2022-08-18 04:00:00,970.895282611551
2022-08-19 01:00:00,971.7747799560183
2022-08-19 02:00:00,972.6467739050112
2022-08-20 00:00:00,973.9324128423478
2022-08-20 01:00:00,975.1657791305918
2022-08-21 01:00:00,973.8603051555714
2022-08-21 03:00:00,972.554237658696
2022-08-22 02:00:00,971.3145041363057
2022-08-22 03:00:00,970.0794438219631
2022-08-23 00:00:00,968.7476901430099
2022-08-23 01:00:00,967.421893500232
2022-08-24 00:00:00,966.1712577935897
2022-08-24 10:00:00,964.9509887947597
2022-08-25 00:00:00,965.863525299124
2022-08-25 13:00:00,964.7293488583002
2022-08-25 14:00:00,963.6082545662405
2022-08-26 00:00:00,962.4614803721635
2022-08-26 01:00:00,961.3247328936656
2022-08-27 00:00:00,959.6961016359224
2022-08-27 01:00:00,958.119553809563
2022-08-28 00:00:00,956.9267066035471
2022-08-28 02:00:00,957.8222425363331
2022-08-29 00:00:00,956.6111324603836
2022-08-29 03:00:00,955.3814914173213
2022-08-30 01:00:00,956.3262045510128
2022-08-30 02:00:00,957.2238899052808
2022-08-31 00:00:00,955.8171485622439
2022-08-31 03:00:00,956.9883322410385
2022-09-01 03:00:00,958.0504600512759
2022-09-01 04:00:00,959.0755921092996
2022-09-02 00:00:00,957.7664947433825
2022-09-02 01:00:00,956.4715562993541
2022-09-03 02:00:00,955.1933478581764
2022-09-03 07:00:00,954.0666451784161
2022-09-04 00:00:00,953.0677969456472
2022-09-04 01:00:00,952.0751417393332
2022-09-05 00:00:00,950.9203279035323
2022-09-05 01:00:00,949.7638136894072
2022-09-06 00:00:00,948.6385308702207
2022-09-06 01:00:00,949.5104113086537
2022-09-07 00:00:00,948.0405610714703
2022-09-07 01:00:00,946.5755699335865
2022-09-08 13:00:00,947.461792347107
2022-09-08 14:00:00,946.248745730586
2022-09-09 03:00:00,947.1017893110655
2022-09-09 04:00:00,948.0261172858076
2022-09-10 00:00:00,946.6916175791872
2022-09-10 01:00:00,945.3801491623583
2022-09-11 00:00:00,946.3415235170763
2022-09-11 01:00:00,947.3122989858697
2022-09-12 00:00:00,946.0840925997463
2022-09-12 02:00:00,947.2211491523125
2022-09-13 00:00:00,945.9559353021564
2022-09-13 01:00:00,944.7303570536851
2022-09-14 02:00:00,943.259873098658
2022-09-14 04:00:00,941.8663342261626
2022-09-15 01:00:00,940.5090004778507
2022-09-15 02:00:00,941.584102526305
2022-09-16 01:00:00,942.6175378910068
2022-09-16 02:00:00,943.639813354615
2022-09-17 00:00:00,942.3652787368369
2022-09-17 01:00:00,941.0938307969112
2022-09-18 09:00:00,941.7289111857024
2022-09-18 10:00:00,940.6680398158613
2022-09-19 01:00:00,939.4700386766192
2022-09-19 02:00:00,940.5450277021572
2022-09-20 00:00:00,941.7682760948136
2022-09-20 01:00:00,942.9886443368072
2022-09-21 00:00:00,944.128460143237
2022-09-21 01:00:00,945.2597852931875
2022-09-22 00:00:00,946.5185721724134
2022-09-22 13:00:00,947.6211779202757
2022-09-22 14:00:00,948.7341576579689
2022-09-23 00:00:00,947.3519614277408
2022-09-23 01:00:00,945.9900318931707
2022-09-24 04:00:00,944.6704891528994
2022-09-24 05:00:00,943.3898634643928
2022-09-25 00:00:00,944.1229654145714
2022-09-25 01:00:00,944.8507751796783
2022-09-26 00:00:00,945.7628593546328
2022-09-26 01:00:00,944.535122463989
2022-09-27 00:00:00,945.4860698869375
2022-09-27 01:00:00,946.4842061909557
2022-09-28 00:00:00,944.9853928413166
2022-09-28 01:00:00,943.4786921187825
2022-09-29 00:00:00,944.6154141601331
2022-09-29 01:00:00,943.2214483362093
2022-09-30 00:00:00,941.7467409619205
2022-09-30 01:00:00,940.2832867912133
2022-10-01 01:00:00,938.8163290857267
2022-10-01 02:00:00,937.4167032907524
2022-10-02 02:00:00,936.4619542632573
2022-10-02 04:00:00,936.9171746155672
2022-10-03 00:00:00,937.669992805924
2022-10-03 01:00:00,936.5771997571701
2022-10-04 00:00:00,937.4440692538076
2022-10-04 01:00:00,938.3137344611937
2022-10-05 00:00:00,939.2255537853555
2022-10-05 01:00:00,940.136718935868
2022-10-06 13:00:00,938.9717546756256
2022-10-06 14:00:00,937.8091906338773
2022-10-07 00:00:00,938.6609865382926
2022-10-07 01:00:00,939.4933734046341
2022-10-08 01:00:00,938.2890809467693
2022-10-08 02:00:00,937.2029863991964
2022-10-09 10:00:00,937.735197795104
2022-10-09 11:00:00,936.8598497737032
2022-10-10 05:00:00,935.8946486814215
2022-10-10 06:00:00,934.9313862237461
2022-10-11 00:00:00,935.749423013334
2022-10-11 01:00:00,936.570681780618
2022-10-12 00:00:00,935.4765164549542
2022-10-12 01:00:00,936.2076871488258
2022-10-13 00:00:00,935.2313618187866
2022-10-13 01:00:00,934.2536781912899
2022-10-14 01:00:00,935.5556590859784
2022-10-14 02:00:00,934.1866965924222
2022-10-15 00:00:00,932.9735712869908
2022-10-15 02:00:00,931.832400301052
2022-10-16 21:00:00,932.3692252700637
2022-10-17 00:00:00,933.0134351553899
2022-10-17 01:00:00,933.6714291164524
2022-10-18 00:00:00,932.5890340901695
2022-10-18 01:00:00,933.2891062096792
2022-10-19 03:00:00,932.1711293707631
2022-10-19 04:00:00,931.0886663885894
2022-10-20 00:00:00,931.8168171578183
2022-10-20 13:00:00,932.4698926948801
2022-10-20 14:00:00,931.4614518899372
2022-10-21 00:00:00,930.409591444857
2022-10-21 01:00:00,929.3565492831427
2022-10-22 02:00:00,929.9855246205428
2022-10-22 03:00:00,930.5471410917648
2022-10-23 23:00:00,929.5411768373576
2022-10-24 00:00:00,928.515644108219
2022-10-24 01:00:00,927.4632495013334
2022-10-25 17:00:00,928.1488001087998
2022-10-25 18:00:00,928.9178409629048
2022-10-26 00:00:00,927.6453485012132
2022-10-26 01:00:00,926.347857511728
2022-10-27 00:00:00,927.3398887850636
2022-10-27 02:00:00,926.092007753509
2022-10-28 02:00:00,926.9649626776657
2022-10-28 05:00:00,925.8766085454045
2022-10-29 00:00:00,926.7168753243432
2022-10-29 01:00:00,927.5408504181983
2022-10-30 00:00:00,928.2340440881873
2022-10-30 01:00:00,928.9003876681046
2022-10-31 01:00:00,929.5436557593921
2022-10-31 02:00:00,930.1918695682166
2022-11-01 11:00:00,929.206100160215
2022-11-01 12:00:00,928.2283733630961
2022-11-02 19:00:00,927.0411320066744
2022-11-02 22:00:00,925.8223849479558
2022-11-03 14:00:00,926.4748779227094
2022-11-03 16:00:00,927.1203377386237
2022-11-04 00:00:00,926.1016859158268
2022-11-04 01:00:00,925.1177460506248
2022-11-05 03:00:00,926.1072532122932
2022-11-05 05:00:00,926.909472667777
2022-11-06 23:00:00,927.4406954860269
2022-11-07 00:00:00,927.9965911538734
2022-11-07 01:00:00,927.017094367629
2022-11-08 03:00:00,927.9135552133698
2022-11-08 04:00:00,928.961339298353
2022-11-09 00:00:00,927.051655556924
2022-11-09 01:00:00,925.1349475290793
2022-11-10 00:00:00,926.9311559649574
2022-11-10 01:00:00,928.7546991130536
2022-11-11 00:00:00,927.1501123310885
2022-11-11 02:00:00,925.5136366744307
2022-11-12 05:00:00,926.7321066557249
2022-11-12 06:00:00,927.8925537680562
2022-11-13 00:00:00,928.5696446723189
2022-11-13 04:00:00,927.5851481646271
2022-11-14 00:00:00,926.348334630741
2022-11-14 01:00:00,925.0721958482003
2022-11-15 00:00:00,926.3759546579837
2022-11-15 01:00:00,927.7001875031879
2022-11-16 00:00:00,928.7893855734802
2022-11-16 01:00:00,927.4850678749439
2022-11-17 00:00:00,926.2654256494307
2022-11-17 13:00:00,926.9397399061704
2022-11-17 14:00:00,927.6109438604205
2022-11-18 00:00:00,928.3882461583781
2022-11-18 02:00:00,927.2585464471983
2022-11-19 04:00:00,927.7840745950961
2022-11-20 07:00:00,928.0965580209629
2022-11-20 09:00:00,928.5502411668579
2022-11-21 00:00:00,927.4358676759143
2022-11-21 01:00:00,926.3397748968382
2022-11-22 00:00:00,924.9992442044343
2022-11-22 01:00:00,923.6576987696947
2022-11-23 00:00:00,924.595595224274
2022-11-23 01:00:00,925.5202688810989
2022-11-24 00:00:00,926.4269114867898
2022-11-24 01:00:00,925.1971462833353
2022-11-25 00:00:00,925.7893963108631
2022-11-25 01:00:00,926.3765666322633
2022-11-26 00:00:00,925.4163192870615
2022-11-26 01:00:00,925.9863485772113
2022-11-27 00:00:00,925.0687409946746
2022-11-27 01:00:00,924.153263565119
2022-11-28 01:00:00,923.195660645403
2022-11-28 02:00:00,923.803936474648
2022-11-29 00:00:00,924.5810873321467
2022-11-29 05:00:00,925.3880412708465
2022-11-30 02:00:00,924.2721278698692
2022-11-30 12:00:00,923.1871142520888
2022-12-01 15:00:00,922.1801287225207
2022-12-01 16:00:00,921.1676825514928
2022-12-02 00:00:00,921.8705656153641
2022-12-02 01:00:00,920.8051375441419
2022-12-03 00:00:00,921.4350192134549
2022-12-03 01:00:00,922.0421431893631
2022-12-04 03:00:00,922.3795868367002
2022-12-04 05:00:00,922.767145160655
2022-12-05 12:00:00,923.4453963095452
2022-12-05 15:00:00,922.4409128445961
2022-12-06 02:00:00,923.064203644774
2022-12-06 03:00:00,923.682956135593
2022-12-07 00:00:00,924.1616043201965
2022-12-07 02:00:00,924.6152902006706
2022-12-08 12:00:00,924.9670213569239
2022-12-08 14:00:00,924.1398373708907
2022-12-09 02:00:00,923.1466975465335
2022-12-09 07:00:00,922.2015690142769
2022-12-12 00:00:00,921.4060510277322
2022-12-12 01:00:00,920.5926019792648
2022-12-13 00:00:00,920.989429022803
2022-12-13 01:00:00,920.1516638648171
2022-12-14 01:00:00,919.0190391366813
2022-12-14 02:00:00,917.8952235438684
2022-12-15 00:00:00,916.6381665298705
2022-12-15 13:00:00,915.6911950457603
2022-12-15 14:00:00,914.7258820472887
2022-12-16 01:00:00,915.3712153957297
2022-12-16 02:00:00,916.0092776951385
2022-12-17 07:00:00,915.0277612566996
2022-12-17 16:00:00,914.1642188357577
2022-12-19 01:00:00,914.5594060356694
2022-12-19 02:00:00,914.9819056770757
2022-12-20 00:00:00,915.6563889758811
2022-12-20 01:00:00,914.6314270565387
2022-12-21 02:00:00,915.2815166032887
2022-12-21 03:00:00,915.9385039262971
2022-12-22 02:00:00,916.4409872617971
2022-12-22 03:00:00,916.9348908091838
2022-12-23 00:00:00,916.0238071348435
2022-12-23 01:00:00,915.1132541122143
2022-12-27 21:00:00,915.5732256323903
2022-12-27 22:00:00,916.0285795965386
2022-12-28 00:00:00,916.4936018128856
2022-12-28 01:00:00,916.9810078906895
2022-12-29 00:00:00,917.4916113933991
2023-01-05 02:00:00,917.9623612079147
2023-01-05 03:00:00,918.4302969562481
2023-01-06 19:00:00,917.6144382033972
2023-01-06 20:00:00,916.771126136432
2023-01-09 09:00:00,917.229822292934
2023-01-09 10:00:00,916.3853601436439
2023-01-10 05:00:00,915.5680150344884
2023-01-10 06:00:00,914.7611210440423
2023-01-11 18:00:00,913.9741761563829
2023-01-12 13:00:00,912.9819096249541
2023-01-12 14:00:00,913.7259038326172
2023-01-13 00:00:00,914.5380662710321
2023-01-13 02:00:00,915.6111409184861
2023-01-14 00:00:00,914.6267175837628
2023-01-14 01:00:00,913.6215268054771
2023-01-15 05:00:00,912.6283357532703
2023-01-15 10:00:00,911.6610425792986
2023-01-16 01:00:00,910.6443399954156
2023-01-16 03:00:00,911.4592366461304
2023-01-17 00:00:00,910.4166516412065
2023-01-17 02:00:00,911.2656615979209
2023-01-18 01:00:00,912.0606669190004
2023-01-18 04:00:00,911.0887786661297
2023-01-19 15:00:00,910.2516380110769
2023-01-19 16:00:00,909.4186395800922
2023-01-20 00:00:00,910.0844395220892
2023-01-20 01:00:00,909.1333879408614
2023-01-21 00:00:00,910.050958082682
2023-01-21 01:00:00,910.9726268275427
2023-01-22 03:00:00,911.8689475591716
2023-01-22 05:00:00,910.7887137160467
2023-01-23 02:00:00,909.7562947137191
2023-01-23 03:00:00,908.716284050124
2023-01-24 01:00:00,907.604217413704
2023-01-24 02:00:00,906.5018341265395
2023-01-25 00:00:00,905.4801304615172
2023-01-25 01:00:00,906.3066041397627
2023-01-26 00:00:00,905.1110681535864
2023-01-26 15:00:00,905.7996094253589
2023-01-26 16:00:00,904.8425363106167
2023-01-27 00:00:00,903.8899293289511
2023-01-27 01:00:00,904.6523215452137
2023-01-28 00:00:00,903.6985318339463
2023-01-28 01:00:00,902.7391237734976
2023-01-29 06:00:00,903.2392612034009
2023-01-29 10:00:00,903.8049188399561
2023-01-30 00:00:00,904.5385348042494
2023-01-30 01:00:00,905.2255833169426
2023-01-31 04:00:00,905.9288529129976
2023-01-31 05:00:00,906.6092333113354
2023-02-01 00:00:00,905.6805318448501
2023-02-01 01:00:00,904.744681269627
2023-02-02 00:00:00,905.5596362836825
2023-02-02 03:00:00,904.4812242041052
2023-02-03 01:00:00,905.2929618838831
2023-02-03 02:00:00,906.1223733875656
2023-02-04 01:00:00,905.185657383176
2023-02-04 02:00:00,904.2539696107594
2023-02-05 02:00:00,903.4776168470132
2023-02-05 05:00:00,903.8092108956839
2023-02-06 02:00:00,902.9197211642363
2023-02-06 05:00:00,903.5423312094485
2023-02-07 00:00:00,904.1564172440545
2023-02-07 01:00:00,904.7501394324293
2023-02-08 00:00:00,903.7852594415277
2023-02-08 04:00:00,904.5006170636776
2023-02-09 13:00:00,905.0909586569372
2023-02-09 14:00:00,904.2039457793458
2023-02-10 00:00:00,904.996459680003
2023-02-10 01:00:00,905.7912660763953
2023-02-11 06:00:00,905.0004599868633
2023-02-11 08:00:00,904.2281630020238
2023-02-12 01:00:00,903.4805272016927
2023-02-12 02:00:00,902.7436840630915
2023-02-13 00:00:00,903.2991846074463
2023-02-13 01:00:00,902.4254566240538
2023-02-14 03:00:00,901.5621899263984
2023-02-14 06:00:00,900.7639668977112
2023-02-15 02:00:00,901.5412536836643
2023-02-15 03:00:00,902.2571563345379
2023-02-16 02:00:00,901.1244530334959
2023-02-16 03:00:00,899.9963973715328
2023-02-17 02:00:00,899.0767777452113
2023-02-17 03:00:00,898.1724651582582
2023-02-18 07:00:00,897.13469237084
2023-02-18 08:00:00,896.1072559453848
2023-02-19 00:00:00,896.6045790293762
2023-02-19 01:00:00,895.7943340578323
2023-02-20 00:00:00,896.5683567219488
2023-02-20 01:00:00,895.5180191023229
2023-02-21 00:00:00,894.5986180049943
2023-02-21 01:00:00,893.6969279922296
2023-02-22 00:00:00,894.4854803279112
2023-02-22 02:00:00,895.3242048277283
2023-02-23 00:00:00,894.3712875527368
2023-02-23 14:00:00,895.1492787977746
2023-02-23 16:00:00,894.1502557968588
2023-02-24 01:00:00,894.9053652833104
2023-02-24 02:00:00,895.6162351598587
2023-02-25 00:00:00,896.4129988013547
2023-02-25 01:00:00,897.2114791346414
2023-02-26 00:00:00,896.4057913419438
2023-02-26 01:00:00,895.6079324293138
2023-02-27 00:00:00,894.7430414209163
2023-02-27 01:00:00,895.3497276172691
2023-02-28 00:00:00,896.1030609315959
2023-02-28 01:00:00,896.8622202960896
2023-03-01 00:00:00,895.9652012227342
2023-03-01 01:00:00,895.0534614220115
2023-03-02 00:00:00,895.7161120526098
2023-03-02 01:00:00,894.7873165245004
2023-03-03 01:00:00,893.7601612624856
2023-03-03 04:00:00,894.5932482305889
2023-03-04 06:00:00,894.9797657089002
2023-03-04 07:00:00,895.3507480273827
2023-03-05 02:00:00,895.8564887227511
2023-03-05 08:00:00,896.3806710077769
2023-03-06 00:00:00,896.7141126458658
2023-03-06 13:00:00,895.985264230354
2023-03-07 01:00:00,896.3927832730797
2023-03-07 02:00:00,896.7999562141596
2023-03-08 01:00:00,897.4885484405231
2023-03-08 03:00:00,898.1827169228355
2023-03-09 15:00:00,897.4173940391158
2023-03-09 17:00:00,896.6089805108124
2023-03-10 01:00:00,897.3480790156724
2023-03-10 02:00:00,898.0938963299066
2023-03-11 00:00:00,897.2632260586875
2023-03-11 01:00:00,897.9707438896577
2023-03-12 00:00:00,897.081670724316
2023-03-12 18:00:00,897.7395208931666
2023-03-13 00:00:00,898.5592808612953
2023-03-13 01:00:00,899.4115823729679
2023-03-14 00:00:00,898.4512547377459
2023-03-14 01:00:00,897.4837430943256
2023-03-15 01:00:00,898.6906211549974
2023-03-15 02:00:00,899.6743614294044
2023-03-16 00:00:00,898.7358564613011
2023-03-16 01:00:00,897.8389021491372
2023-03-17 00:00:00,896.8188515209987
2023-03-17 01:00:00,895.7472258238486
2023-03-18 00:00:00,896.5140355067676
2023-03-18 04:00:00,897.2307410106583
2023-03-19 03:00:00,898.0833001296845
2023-03-19 04:00:00,898.9312821879885
2023-03-20 00:00:00,899.6385231902217
2023-03-20 01:00:00,900.3532168345503
2023-03-21 00:00:00,901.2473057455041
2023-03-21 01:00:00,902.1409925976639
2023-03-22 00:00:00,901.1629085188797
2023-03-22 01:00:00,900.1954468303794
2023-03-23 13:00:00,899.323744684354
2023-03-23 14:00:00,900.0221049550738
2023-03-24 00:00:00,898.8711498853463
2023-03-24 01:00:00,897.7239071787683
2023-03-25 04:00:00,896.758454001783
2023-03-25 05:00:00,895.8001174434294
2023-03-26 12:00:00,896.2865797722001
2023-03-26 13:00:00,895.4749846091322
2023-03-27 01:00:00,894.5691940827396
2023-03-27 02:00:00,893.6707875275517
2023-03-28 00:00:00,894.4894105840328
2023-03-28 01:00:00,895.3310139074857
2023-03-29 00:00:00,896.0617518874519
2023-03-29 01:00:00,896.7610024971402
2023-03-30 00:00:00,895.8741469490918
2023-03-30 01:00:00,894.9864001380018
2023-03-31 00:00:00,895.7629748282253
2023-03-31 01:00:00,896.5608415356307
2023-04-01 01:00:00,895.6323497041687
2023-04-01 02:00:00,896.3356294746994
2023-04-02 20:00:00,896.827103504897
2023-04-02 21:00:00,897.337804347594
2023-04-03 00:00:00,897.9142432892007
2023-04-03 01:00:00,897.0098251117472
2023-04-04 00:00:00,895.9936640026168
2023-04-04 01:00:00,894.9694957177647
2023-04-05 02:00:00,895.6147239036371
2023-04-05 07:00:00,894.7693527123812
2023-04-06 00:00:00,895.4541578098675
2023-04-06 13:00:00,894.629792491869
2023-04-06 14:00:00,893.8260304649713
2023-04-07 09:00:00,893.0883402082713
2023-04-10 08:00:00,893.5678865802188
2023-04-10 12:00:00,892.8681519745184
2023-04-11 01:00:00,893.6913164327574
2023-04-11 05:00:00,892.6067110883769
2023-04-12 00:00:00,893.2072066565821
2023-04-12 01:00:00,893.823183460717
2023-04-13 00:00:00,892.9215222698166
2023-04-13 03:00:00,893.5026229345842
2023-04-14 00:00:00,892.6460143227172
2023-04-14 08:00:00,893.2364694832365
2023-04-17 04:00:00,893.7858261836204
2023-04-17 05:00:00,894.3352923987102
2023-04-18 02:00:00,893.5449878230844
2023-04-18 03:00:00,892.7829203169397
2023-04-19 00:00:00,893.4081970882144
2023-04-19 01:00:00,892.5693296288382
2023-04-20 00:00:00,893.2523007087648
2023-04-20 16:00:00,893.9640441721508
2023-04-20 17:00:00,894.6639677897019
2023-04-21 00:00:00,895.4624449196979
2023-04-21 01:00:00,896.2454450301404
2023-04-22 02:00:00,895.3185256205663
2023-04-22 03:00:00,894.4031700639342
2023-04-23 02:00:00,894.9905532240283
2023-04-23 03:00:00,895.5768328383039
2023-04-24 00:00:00,896.1945317779083
2023-04-24 01:00:00,895.2946758099459
2023-04-25 00:00:00,894.3461958879551
2023-04-25 04:00:00,893.465117156991
2023-04-26 00:00:00,892.5518102303777
2023-04-26 01:00:00,891.6391123703843
2023-04-27 00:00:00,892.6737293497719
2023-04-27 03:00:00,891.5465808956012
2023-04-28 00:00:00,892.400550802273
2023-04-28 01:00:00,893.247621196176
2023-04-29 05:00:00,892.4919750793999
2023-04-29 06:00:00,891.7503483880162
2023-04-30 01:00:00,892.1176995538517
2023-04-30 05:00:00,892.4537884790972
2023-05-01 00:00:00,893.0756268670789
2023-05-01 01:00:00,892.0949067361703
2023-05-02 04:00:00,891.1360412285242
2023-05-02 05:00:00,890.2083787065025
2023-05-03 00:00:00,889.2598902980054
2023-05-03 01:00:00,889.9802976322931
2023-05-04 00:00:00,888.9569983048208
2023-05-04 13:00:00,888.1117672757438
2023-05-04 14:00:00,887.2613835855872
2023-05-05 00:00:00,886.4152270062644
2023-05-05 02:00:00,885.5245981590144
2023-05-06 00:00:00,886.2508015290615
2023-05-06 01:00:00,886.987131896849
2023-05-07 00:00:00,886.127615970954
2023-05-07 02:00:00,885.2518226440571
2023-05-08 00:00:00,885.8343305612619
2023-05-08 01:00:00,886.4719073852178
2023-05-09 05:00:00,885.6029860588745
2023-05-09 06:00:00,884.7279754446604
2023-05-10 00:00:00,883.8444104826675
2023-05-10 01:00:00,882.9640449282265
2023-05-11 01:00:00,881.8318711093475
2023-05-11 02:00:00,882.7257719044043
2023-05-12 00:00:00,883.47503866818
2023-05-12 01:00:00,884.2482770017568
2023-05-13 06:00:00,884.8807541909223
2023-05-13 07:00:00,885.5095681201155
2023-05-14 00:00:00,885.971747001768
2023-05-14 01:00:00,886.4440645026668
2023-05-15 00:00:00,886.913235280738
2023-05-15 01:00:00,887.4711883910649
2023-05-16 00:00:00,886.6344780349049
2023-05-16 01:00:00,887.2379030598523
2023-05-17 00:00:00,887.7299154763729
2023-05-17 01:00:00,886.9274407913857
2023-05-18 00:00:00,886.0208284863874
2023-05-18 13:00:00,886.4388892936565
2023-05-18 14:00:00,885.6608047376309
2023-05-19 03:00:00,886.3670097458103
2023-05-19 04:00:00,887.0238071991353
2023-05-20 03:00:00,887.4551545167011
2023-05-21 00:00:00,886.7385227876755
2023-05-21 01:00:00,886.0118977238237
2023-05-22 00:00:00,885.2511750700453
2023-05-22 01:00:00,885.6805632797591
2023-05-23 00:00:00,886.1653371916088
2023-05-23 01:00:00,886.6959548761521
2023-05-24 00:00:00,885.9746736890959
2023-05-24 01:00:00,885.255824186929
2023-05-25 01:00:00,885.9603347326135
2023-05-25 02:00:00,886.6670782014651
2023-05-26 00:00:00,885.8708118825136
2023-05-26 01:00:00,886.3830532861033
2023-05-27 00:00:00,886.8376559989497
2023-05-27 02:00:00,886.0866387007703
2023-05-28 00:00:00,886.5042939961621
2023-05-28 01:00:00,886.9340236008435
2023-05-29 00:00:00,886.0242295629935
2023-05-29 06:00:00,885.1128877885528
2023-05-30 00:00:00,885.607324614702
2023-05-30 01:00:00,886.1019584255805
2023-05-31 00:00:00,885.2857771296493
2023-05-31 02:00:00,884.4881585816852
2023-06-01 13:00:00,885.0171808261834
2023-06-01 14:00:00,885.511410347622
2023-06-02 03:00:00,886.0990657782216
2023-06-02 04:00:00,886.6898280415082
2023-06-05 00:00:00,885.9722569055798
2023-06-05 01:00:00,885.2494810637229
2023-06-06 00:00:00,886.0016829461783
2023-06-06 02:00:00,886.7538269855066
2023-06-07 00:00:00,885.7236648284164
2023-06-07 01:00:00,884.6892063882178
2023-06-08 01:00:00,885.3798675425353
2023-06-08 02:00:00,884.4674102811143
2023-06-09 12:00:00,884.8678089141632
2023-06-09 13:00:00,884.127026891272
2023-06-10 01:00:00,883.3965937216059
2023-06-10 09:00:00,883.9942594037399
2023-06-11 08:00:00,884.4433739392717
2023-06-11 18:00:00,884.8424870546207
2023-06-12 00:00:00,884.0257337577151
2023-06-12 01:00:00,883.2073725978178
2023-06-13 02:00:00,882.4103885597134
2023-06-13 03:00:00,882.9180401095304
2023-06-14 01:00:00,882.0996160966035
2023-06-14 02:00:00,881.3449140730813
2023-06-15 13:00:00,881.8409781790756
2023-06-15 14:00:00,882.3304422851949
2023-06-16 02:00:00,882.9187808908091
2023-06-16 03:00:00,883.4901294096532
2023-06-17 00:00:00,884.1415512026716
2023-06-17 01:00:00,884.8024031427715
2023-06-18 00:00:00,885.2376319091658
2023-06-18 01:00:00,885.6559346955224
2023-06-19 00:00:00,886.1071648684838
2023-06-19 12:00:00,885.3973793820088
2023-06-20 04:00:00,884.4932809216197
2023-06-20 05:00:00,885.1750900902185
2023-06-21 00:00:00,884.1543717759191
2023-06-21 01:00:00,883.0892412204868
2023-06-22 02:00:00,883.8016922385139
2023-06-22 03:00:00,884.4952471409883
2023-06-23 01:00:00,885.2166075954881
2023-06-23 02:00:00,885.9337352866012
2023-06-24 03:00:00,886.8147731669428
2023-06-24 04:00:00,887.6706057587653
2023-06-25 00:00:00,886.8801241191021
2023-06-25 01:00:00,886.0814332954664
2023-06-26 00:00:00,886.596224976301
2023-06-26 01:00:00,885.7531792020002
2023-06-27 01:00:00,886.3806544295169
2023-06-27 03:00:00,885.5190661778311
2023-06-28 05:00:00,886.0355220751943
2023-06-28 06:00:00,886.5205368528658
2023-06-29 00:00:00,885.644699062886
2023-06-29 22:00:00,884.7817994699953
2023-06-29 23:00:00,883.9184705274758
2023-06-30 00:00:00,883.0823820036364
2023-06-30 01:00:00,882.2537933253292
2023-07-01 03:00:00,881.3788718542131
2023-07-01 04:00:00,880.53447404318
2023-07-02 15:00:00,879.8280450622891
2023-07-02 16:00:00,880.1803661097448
2023-07-03 00:00:00,879.3881337350409
2023-07-03 06:00:00,878.6481329421187
2023-07-04 01:00:00,879.2279874027345
2023-07-04 02:00:00,879.814500739122
2023-07-05 00:00:00,880.244045563391
2023-07-05 01:00:00,880.6740319594146
2023-07-06 01:00:00,879.8985312819797
2023-07-06 02:00:00,879.1325990897005
2023-07-07 00:00:00,878.1188801074688
2023-07-07 01:00:00,877.1462783372197
2023-07-08 00:00:00,876.3706720661008
2023-07-09 21:00:00,875.6792273300717
2023-07-10 08:00:00,876.0542006262865
2023-07-10 14:00:00,876.4361569281778
2023-07-11 00:00:00,877.0644952462363
2023-07-11 01:00:00,876.1676860729995
2023-07-12 00:00:00,875.393384416364
2023-07-12 01:00:00,874.618321988726
2023-07-13 00:00:00,873.7922485627496
2023-07-13 15:00:00,874.2774009187743
2023-07-13 16:00:00,873.4675667103857
2023-07-14 00:00:00,874.2533062949893
2023-07-14 01:00:00,875.0534484029943
2023-07-17 18:00:00,874.2512778516891
2023-07-17 19:00:00,873.4368480859688
2023-07-18 12:00:00,872.6739790454569
2023-07-18 13:00:00,871.9003584323289
2023-07-19 01:00:00,872.4624490160943
2023-07-19 03:00:00,871.6543651643118
2023-07-20 00:00:00,872.1600827355347
2023-07-20 01:00:00,872.6634674766013
2023-07-21 06:00:00,871.9372178172082
2023-07-21 07:00:00,872.3140152146748
2023-07-23 22:00:00,871.5934715763741
2023-07-23 23:00:00,870.8706787196011
2023-07-24 01:00:00,870.125534347399
2023-07-24 02:00:00,869.3666982055936
2023-07-26 22:00:00,869.8155884579783
2023-07-26 23:00:00,869.0277947332804
2023-07-27 00:00:00,868.2385402449745
2023-07-27 18:00:00,867.5611421618687
2023-07-29 01:00:00,867.8719424092627
2023-07-29 02:00:00,868.1580193050795
2023-07-30 23:00:00,867.461128110337
2023-07-31 01:00:00,867.8662376593134
2023-07-31 03:00:00,868.2843183980066
2023-08-01 02:00:00,868.7458250610342
2023-08-01 05:00:00,869.1995112329356
2023-08-02 02:00:00,869.7624427390585
2023-08-02 04:00:00,870.3535520209347
2023-08-03 00:00:00,870.8300589047909
2023-08-03 01:00:00,871.3157574953473
2023-08-08 17:00:00,870.5543695339595
2023-08-08 21:00:00,871.1272230613953
2023-08-09 02:00:00,870.2820609613634
2023-08-09 03:00:00,869.4650356036834
2023-08-14 18:00:00,868.7873945349133
2023-08-15 03:00:00,868.112488517252
2023-08-16 18:00:00,867.44860399621
2023-08-16 19:00:00,866.7854415457621
2023-08-17 01:00:00,867.2871123363753
2023-08-17 02:00:00,867.7731956234076
2023-08-18 00:00:00,866.7253085068028
2023-08-18 02:00:00,865.643755693072
2023-08-19 00:00:00,866.3388044633023
2023-08-19 07:00:00,865.5901334949147
2023-08-20 03:00:00,865.9980810303977
2023-08-21 11:00:00,866.3035200264704
2023-08-21 15:00:00,866.7249974459072
2023-08-22 02:00:00,866.0125713271036
2023-08-22 04:00:00,866.3712493338686
2023-08-23 04:00:00,865.506506647741
2023-08-23 06:00:00,864.6651590057824
2023-08-24 13:00:00,863.9950734291358
2023-08-24 14:00:00,863.3009438399657
2023-08-25 00:00:00,862.5610484174518
2023-08-25 02:00:00,861.8271631036882
2023-08-29 16:00:00,862.4997715990347
2023-08-29 18:00:00,863.2238682319044
2023-08-30 00:00:00,863.8409871206568
2023-08-30 01:00:00,863.081839588389
2023-08-31 15:00:00,863.5480403519581
2023-08-31 16:00:00,862.7312262348896
2023-09-01 02:00:00,863.4495485078221
2023-09-01 03:00:00,864.1572369767845
2023-09-02 04:00:00,864.7203915715432
2023-09-02 05:00:00,865.2318186079808
2023-09-04 15:00:00,865.5599232696912
2023-09-04 16:00:00,864.9092931237581
2023-09-05 00:00:00,864.2133532269864
2023-09-05 01:00:00,863.5201776177246
2023-09-06 00:00:00,862.863708536611
2023-09-06 01:00:00,862.206467453814
2023-09-07 16:00:00,862.488067627051
2023-09-07 21:00:00,862.9370423775749
2023-09-08 00:00:00,862.1466866512691
2023-09-08 01:00:00,861.3468500899415
2023-09-09 02:00:00,860.7214360901457
2023-09-09 03:00:00,860.1099641309978
2023-09-10 19:00:00,860.4035374148185
2023-09-10 20:00:00,860.7253554433362
2023-09-11 00:00:00,861.144093121304
2023-09-11 01:00:00,861.5752098182564
2023-09-12 00:00:00,862.1607905442875
2023-09-12 01:00:00,862.7408547207016
2023-09-13 01:00:00,863.3741683135381
2023-09-13 02:00:00,863.9981717339799
2023-09-14 00:00:00,863.2124277394826
2023-09-14 01:00:00,863.8070618742382
2023-09-15 00:00:00,864.379375929367
2023-09-15 01:00:00,864.9379854521262
2023-09-16 00:00:00,865.4372961670667
2023-09-16 01:00:00,864.7030095603905
2023-09-18 13:00:00,863.9392835755242
2023-09-18 14:00:00,863.1784041163537
2023-09-19 00:00:00,863.7590073870625
2023-09-19 01:00:00,864.3276966942168
2023-09-20 01:00:00,864.895235707695
2023-09-20 02:00:00,864.0893222451289
2023-09-21 00:00:00,863.3335624269738
2023-09-21 13:00:00,862.6201227623056
2023-09-21 20:00:00,863.0966358782982
2023-09-22 02:00:00,863.4891494744256
2023-09-22 03:00:00,863.8408492111871
2023-09-24 23:00:00,864.2267413079601
2023-09-25 00:00:00,864.6631682150461
2023-09-25 01:00:00,865.1283910318637
2023-09-26 02:00:00,865.4601618234843
2023-09-26 03:00:00,865.7811947549852
2023-09-27 14:00:00,866.2541326773166
2023-09-27 17:00:00,866.7585458773634
2023-09-28 00:00:00,865.9835480249319
2023-09-28 02:00:00,865.2426917190156
2023-09-29 01:00:00,865.8093912232366
2023-09-29 10:00:00,866.2222430131388
2023-10-01 23:00:00,866.7306000748558
2023-10-02 00:00:00,867.2479793570316
2023-10-02 01:00:00,867.7761740015515
2023-10-03 02:00:00,868.323432120578
2023-10-03 03:00:00,868.8565488267695
2023-10-04 00:00:00,869.3738858249395
2023-10-04 01:00:00,869.8815386506263
2023-10-05 19:00:00,870.3917429278846
2023-10-05 21:00:00,870.9011417107203
2023-10-06 02:00:00,870.160342476978
2023-10-06 12:00:00,870.565078960086
2023-10-07 06:00:00,869.8752469576467
2023-10-07 08:00:00,870.2657063982036
2023-10-09 11:00:00,870.6383225515899
2023-10-09 12:00:00,869.9754059935594
2023-10-10 00:00:00,870.3988863585417
2023-10-10 01:00:00,870.8197983959318
2023-10-11 03:00:00,870.122986534753
2023-10-11 04:00:00,869.4403867087416
2023-10-12 01:00:00,869.8975399311395
2023-10-12 02:00:00,869.1908456616111
2023-10-13 14:00:00,869.4783281582219
2023-10-13 15:00:00,869.7693122467675
2023-10-16 00:00:00,869.0953174604361
2023-10-16 01:00:00,868.412548401681
2023-10-17 03:00:00,867.5929113251779
2023-10-17 04:00:00,866.8016668598501
2023-10-18 04:00:00,866.066945726961
2023-10-18 05:00:00,865.3252414943042
2023-10-19 17:00:00,864.6284217935947
2023-10-19 22:00:00,863.8948240283693
2023-10-20 03:00:00,864.4820873729412
2023-10-20 04:00:00,865.0526019156043
2023-10-21 00:00:00,864.3257314201907
2023-10-21 01:00:00,863.6094487026821
2023-10-22 02:00:00,864.1080639574692
2023-10-22 04:00:00,863.3912719260642
2023-10-23 01:00:00,863.8350822348847
2023-10-23 02:00:00,863.1270690549115
2023-10-24 00:00:00,861.9214503468306
2023-10-24 01:00:00,860.6873517104638
2023-10-25 01:00:00,861.3891540243934
2023-10-25 02:00:00,860.5753277003829
2023-10-26 00:00:00,861.0834451920423
2023-10-26 01:00:00,861.5814179373756
2023-10-27 01:00:00,860.821632138102
2023-10-27 03:00:00,861.3597701987543
2023-10-28 00:00:00,860.6417434766432
2023-10-28 01:00:00,859.93107313831
2023-10-29 12:00:00,859.3392870961882
2023-10-29 14:00:00,858.722303020698
2023-10-30 00:00:00,859.1912341757865
2023-10-30 01:00:00,859.6531488849103
2023-10-31 00:00:00,860.1377564933202
2023-10-31 01:00:00,860.6175896734801
2023-11-01 00:00:00,859.9079176720192
2023-11-01 01:00:00,859.2036448539569
2023-11-02 00:00:00,858.515082598333
2023-11-02 15:00:00,857.7235911577362
2023-11-02 16:00:00,858.3109448009424
2023-11-03 01:00:00,858.9384831962205
2023-11-03 02:00:00,859.5658400831506
2023-11-04 00:00:00,858.8668819437383
2023-11-04 01:00:00,858.1665908901275
2023-11-05 03:00:00,858.5331256256096
2023-11-05 06:00:00,858.918699324097
2023-11-06 00:00:00,859.452524100671
2023-11-06 01:00:00,858.687408389676
2023-11-07 00:00:00,859.1145097744521
2023-11-07 01:00:00,859.5362450392537
2023-11-08 04:00:00,860.0667333078893
2023-11-08 06:00:00,859.3201098234521
2023-11-09 01:00:00,858.5126862995489
2023-11-09 02:00:00,857.862788028602
2023-11-10 04:00:00,857.1405990964743
2023-11-10 05:00:00,856.4637486425271
2023-11-11 00:00:00,857.0196911155621
2023-11-11 12:00:00,856.3864417917699
2023-11-12 00:00:00,855.6974827059993
2023-11-12 01:00:00,855.0045849149025
2023-11-13 01:00:00,855.3347630315293
2023-11-13 02:00:00,855.668511890893
2023-11-14 01:00:00,854.9430896083825
2023-11-14 03:00:00,854.2420951644006
2023-11-15 00:00:00,853.5617777572517
2023-11-15 01:00:00,852.8819923596168
2023-11-16 00:00:00,853.4055566390294
2023-11-16 13:00:00,852.6720374351698
2023-11-16 14:00:00,851.9261185978006
2023-11-17 01:00:00,852.4390917000798
2023-11-17 02:00:00,852.9533060873138
2023-11-18 03:00:00,852.183801977232
2023-11-18 06:00:00,851.4785411661574
2023-11-19 19:00:00,851.7966449276577
2023-11-19 20:00:00,851.1816074931334
2023-11-20 00:00:00,851.6040590768495
2023-11-20 01:00:00,852.0234891476186
2023-11-21 01:00:00,852.662256251375
2023-11-21 02:00:00,853.1525777160837
2023-11-22 01:00:00,852.4387865506492
2023-11-22 02:00:00,851.7132333393662
2023-11-23 00:00:00,850.919405044568
2023-11-23 03:00:00,850.1365715778051
2023-11-24 00:00:00,849.4696089044162
2023-11-24 01:00:00,848.814942696255
2023-11-25 05:00:00,849.2399033003569
2023-11-25 06:00:00,849.5665955732242
2023-11-26 17:00:00,848.9428010184445
2023-11-26 18:00:00,848.3102750021986
2023-11-27 01:00:00,848.7949756648879
2023-11-27 02:00:00,849.2663434680264
2023-11-28 00:00:00,849.7743562659045
2023-11-28 01:00:00,850.2622077025785
2023-11-29 00:00:00,849.5062594391668
2023-11-29 01:00:00,848.7510070035072
2023-11-30 00:00:00,848.0651614024882
2023-11-30 15:00:00,847.3921482588172
2023-11-30 16:00:00,846.7227130347842
2023-12-01 00:00:00,846.0836722455568
2023-12-01 01:00:00,845.4404758015412
2023-12-02 04:00:00,845.8065987759
2023-12-02 06:00:00,846.0842913926543
2023-12-03 00:00:00,846.5324785840515
2023-12-03 01:00:00,845.8429468040893
2023-12-04 00:00:00,845.1292154209156
2023-12-04 01:00:00,844.375811448119
2023-12-05 00:00:00,844.9894627719607
2023-12-05 01:00:00,845.5621012820578
2023-12-06 03:00:00,844.8602339530707
2023-12-06 04:00:00,844.1666588596413
2023-12-07 00:00:00,844.7118153227699
2023-12-07 01:00:00,845.201098304719
2023-12-08 00:00:00,845.7229219626789
2023-12-08 01:00:00,846.2309125052899
2023-12-09 00:00:00,846.7430724176076
2023-12-09 01:00:00,847.2361829277604
2023-12-10 00:00:00,846.5967606880108
2023-12-10 01:00:00,845.9573280569597
2023-12-11 02:00:00,846.6006204743057
2023-12-11 07:00:00,847.1617453138134
2023-12-12 02:00:00,847.6747793002967
2023-12-12 03:00:00,848.1788773832512
2023-12-13 00:00:00,848.8057000213145
2023-12-13 05:00:00,847.9865300050242
2023-12-14 00:00:00,847.1844831256485
2023-12-14 13:00:00,846.392916640025
2023-12-14 14:00:00,846.9989261466336
2023-12-15 00:00:00,847.5262103468992
2023-12-15 01:00:00,848.0391330256806
2023-12-16 02:00:00,848.5874853785284
2023-12-16 04:00:00,847.8531439627891
2023-12-17 01:00:00,848.2684809062342
2023-12-17 02:00:00,848.6916714251117
2023-12-18 00:00:00,849.2346974338947
2023-12-18 04:00:00,849.80808786055
2023-12-19 00:00:00,848.995454881803
2023-12-19 01:00:00,849.6388994744334
2023-12-20 01:00:00,848.8593229693465
2023-12-20 02:00:00,848.0760468668527
2023-12-21 00:00:00,847.230362013263
2023-12-21 01:00:00,846.3848173795595
2023-12-22 00:00:00,845.6144707493361
2023-12-22 01:00:00,846.1941462101807
2023-12-23 01:00:00,845.5107303587541
2023-12-23 02:00:00,844.8303886664106
2023-12-24 01:00:00,844.2453353220526
2023-12-24 02:00:00,844.500176924466
2023-12-25 00:00:00,843.823837997015
2023-12-25 01:00:00,843.1430925996513
2023-12-26 01:00:00,843.582244595849
2023-12-26 02:00:00,842.9351117722754
2023-12-27 01:00:00,843.4522452166352
2023-12-27 02:00:00,842.7100449414688
2023-12-28 00:00:00,843.2390472178736
2023-12-28 13:00:00,842.5362046619165
2023-12-28 14:00:00,841.837940660423
2023-12-29 00:00:00,841.1139896246781
2023-12-29 01:00:00,841.6467519699343
2023-12-30 01:00:00,842.2519039365155
2023-12-30 03:00:00,842.8732301530316
2023-12-31 01:00:00,843.300889367417
2023-12-31 07:00:00,843.7014496116683
2024-01-01 03:00:00,844.1633683573045
2024-01-01 04:00:00,844.631282926589
2024-01-02 00:00:00,845.1953227073212
2024-01-02 01:00:00,844.3922361584333
2024-01-03 01:00:00,845.0494093239103
2024-01-03 04:00:00,845.6327638027534
2024-01-04 01:00:00,846.4369606503831
2024-01-04 03:00:00,846.9966991803849
2024-01-05 00:00:00,846.3482858944404
2024-01-05 01:00:00,846.9572610865428
2024-01-06 00:00:00,846.3102200761385
2024-01-06 01:00:00,845.6678786528788
2024-01-07 00:00:00,845.0120952748221
2024-01-07 01:00:00,845.420589000967
2024-01-08 05:00:00,844.6811624865857
2024-01-08 06:00:00,843.9136133609916
2024-01-09 00:00:00,844.5431450273142
2024-01-09 01:00:00,845.1507029874826
2024-01-10 01:00:00,844.2370789073359
2024-01-10 08:00:00,843.5218195155344
2024-01-11 00:00:00,842.404449389095
2024-01-11 13:00:00,841.5912496741802
2024-01-11 14:00:00,842.284695345718
2024-01-12 02:00:00,841.400377443467
2024-01-12 03:00:00,840.5454003663193
2024-01-13 02:00:00,839.6601877082859
2024-01-13 06:00:00,840.2423520092291
2024-01-14 09:00:00,840.6233555719874
2024-01-14 14:00:00,841.0022153932072
2024-01-15 00:00:00,840.1961122702717
2024-01-15 01:00:00,839.3879985372457
2024-01-16 02:00:00,838.5995447184309
2024-01-16 03:00:00,839.1681834578555
2024-01-17 00:00:00,839.7883496284393
2024-01-17 01:00:00,840.4144060969469
2024-01-18 00:00:00,840.9423156057687
2024-01-18 01:00:00,840.1881269048854
2024-01-19 00:00:00,839.5245074816365
2024-01-19 01:00:00,838.8593251349081
2024-01-20 08:00:00,839.2626077816859
2024-01-22 03:00:00,838.6007623293395
2024-01-22 04:00:00,839.0341986124483
2024-01-23 00:00:00,838.3145218495465
2024-01-23 01:00:00,837.5981256940318
2024-01-24 01:00:00,836.7324275112715
2024-01-24 03:00:00,837.4036490002461
2024-01-25 00:00:00,836.628172606162
2024-01-25 13:00:00,835.938472637383
2024-01-25 15:00:00,835.2298971925026
2024-01-26 00:00:00,835.7348121639868
2024-01-26 01:00:00,836.229689363623
2024-01-27 01:00:00,836.8062541953744
2024-01-27 02:00:00,837.3525937535645
2024-01-28 06:00:00,837.7731271942635
2024-01-28 07:00:00,838.2059331263002
2024-01-29 00:00:00,837.4587652357776
2024-01-29 01:00:00,836.7069092867124
2024-01-30 01:00:00,837.300681551601
2024-01-30 03:00:00,837.8936861631292
2024-01-31 01:00:00,837.0820490007085
2024-01-31 03:00:00,837.6266353252445
2024-02-01 00:00:00,838.3141137820322
2024-02-01 03:00:00,839.0163426845738
2024-02-02 01:00:00,838.1976596120775
2024-02-02 02:00:00,837.3875626612997
2024-02-03 06:00:00,837.7222302349552
2024-02-03 09:00:00,837.9871336957797
2024-02-04 22:00:00,838.4199121218054
2024-02-04 23:00:00,838.8412650901487
2024-02-05 00:00:00,838.1339758308712
2024-02-05 01:00:00,837.4209402907582
2024-02-06 00:00:00,836.6723122077318
2024-02-06 01:00:00,835.919414863056
2024-02-07 03:00:00,835.2274441493958
2024-02-07 04:00:00,834.5456288124218
2024-02-08 13:00:00,833.8432263076719
2024-02-08 14:00:00,833.1454140480333
2024-02-09 00:00:00,832.366086076909
2024-02-09 01:00:00,831.587358140646
2024-02-10 02:00:00,830.728546358859
2024-02-10 06:00:00,831.2364784221213
2024-02-11 00:00:00,830.5032519308812
2024-02-11 02:00:00,829.7777609459904
2024-02-12 00:00:00,830.2810486254898
2024-02-12 02:00:00,829.5127756753125
2024-02-13 01:00:00,830.221894172013
2024-02-13 02:00:00,830.9413991958746
2024-02-14 00:00:00,830.0385298178202
2024-02-14 01:00:00,829.1453438552488
2024-02-15 00:00:00,829.773452998581
2024-02-15 03:00:00,830.3911602859677
2024-02-16 00:00:00,829.5269322346214
2024-02-16 04:00:00,828.6978988398199
2024-02-17 00:00:00,829.2047451925313
2024-02-17 02:00:00,829.6904187311645
2024-02-18 00:00:00,830.227346613459
2024-02-18 03:00:00,829.4545639876687
2024-02-19 05:00:00,829.8744745323169
2024-02-19 08:00:00,830.3212653434937
2024-02-20 00:00:00,830.7980471102172
2024-02-20 01:00:00,830.0518415975657
2024-02-21 00:00:00,830.7323719807741
2024-02-21 01:00:00,831.4118273571178
2024-02-22 00:00:00,830.5455289684312
2024-02-22 15:00:00,829.7733724138067
2024-02-22 16:00:00,828.9966227375379
2024-02-23 00:00:00,829.5709048465917
2024-02-23 01:00:00,830.1519078629558
2024-02-24 00:00:00,830.6180040465566
2024-02-24 01:00:00,829.8728498053508
2024-02-25 14:00:00,830.178088497434
2024-02-25 20:00:00,830.5249718582149
2024-02-26 03:00:00,830.9039900138497
2024-02-26 04:00:00,831.2747742646894
2024-02-27 00:00:00,830.3875575744112
2024-02-27 01:00:00,829.4553392119753
2024-02-28 00:00:00,828.5380881056095
2024-02-28 01:00:00,827.616691609708
2024-02-29 00:00:00,826.3535867814556
2024-02-29 01:00:00,825.1211397047232
2024-03-01 00:00:00,824.297821710874
2024-03-01 01:00:00,823.4818452979146
2024-03-02 00:00:00,824.171858217107
2024-03-02 02:00:00,824.8433988380624
2024-03-03 00:00:00,824.145890073528
2024-03-03 01:00:00,823.4517134806745
2024-03-04 00:00:00,822.5985826713561
2024-03-04 01:00:00,821.7303896420763
2024-03-05 00:00:00,822.367499169207
2024-03-05 01:00:00,823.0128572451163
2024-03-06 00:00:00,821.5762454897005
2024-03-06 01:00:00,820.1207858308329
2024-03-07 13:00:00,819.2516474779592
2024-03-07 14:00:00,818.3508044645704
2024-03-08 02:00:00,817.4867300652979
2024-03-08 03:00:00,816.629815252583
2024-03-09 11:00:00,817.0143237388562
2024-03-09 12:00:00,817.387404022852
2024-03-10 04:00:00,816.6779553337308
2024-03-10 05:00:00,817.1149007162239
2024-03-11 00:00:00,816.2289450530808
2024-03-11 01:00:00,815.3315768471034
2024-03-12 00:00:00,816.0248638047997
2024-03-12 01:00:00,816.6955937132551
2024-03-13 00:00:00,815.9055379476654
2024-03-13 01:00:00,815.1136704002698
2024-03-14 00:00:00,815.7678418160258
2024-03-14 02:00:00,814.9136958632058
2024-03-15 00:00:00,815.6414236276307
2024-03-15 01:00:00,816.3754468659478
2024-03-16 00:00:00,817.0814458686106
2024-03-16 01:00:00,817.7811655665083
2024-03-17 00:00:00,817.0005742928354
2024-03-17 01:00:00,817.6519458153209
2024-03-18 00:00:00,818.406562256882
2024-03-18 01:00:00,817.4495963227023
2024-03-19 00:00:00,818.2450336199636
2024-03-19 01:00:00,818.8784722979233
2024-03-20 00:00:00,819.642646365875
2024-03-20 01:00:00,820.4453008317245
2024-03-21 00:00:00,821.2360598278775
2024-03-21 13:00:00,820.2980393726335
2024-03-21 14:00:00,821.0333837829876
2024-03-22 00:00:00,820.0135495809591
2024-03-22 01:00:00,818.9825431149293
2024-03-23 00:00:00,817.8986801306842
2024-03-23 01:00:00,818.8031452872078
2024-03-24 02:00:00,817.893318719589
2024-03-24 03:00:00,816.9858782463359
2024-03-25 00:00:00,816.0695346204477
2024-03-25 01:00:00,815.1461505009213
2024-03-26 00:00:00,814.1529340844015
2024-03-26 01:00:00,813.1542315121566
2024-03-27 00:00:00,813.8961038621861
2024-03-27 01:00:00,814.6520289169264
2024-03-28 00:00:00,813.6493495525349
2024-03-28 01:00:00,812.6433044324056
2024-03-29 00:00:00,813.2343002535548
2024-03-29 01:00:00,813.8141471974322
2024-03-30 03:00:00,813.0569116116254
2024-03-30 06:00:00,812.3540896959299
2024-03-31 00:00:00,811.6988607738513
2024-03-31 01:00:00,812.0186760161923
2024-04-01 00:00:00,812.475494511166
2024-04-01 01:00:00,812.949173127395
2024-04-02 00:00:00,813.60787417824
2024-04-02 01:00:00,814.2668579997782
2024-04-03 00:00:00,813.2562725226746
2024-04-03 01:00:00,812.2551995812069
2024-04-04 00:00:00,812.934252323978
2024-04-04 13:00:00,813.508085606425
2024-04-04 14:00:00,814.0995373256109
2024-04-05 00:00:00,814.8749411312456
2024-04-05 02:00:00,813.864721606886
2024-04-06 02:00:00,814.5404395795729
2024-04-06 03:00:00,815.171396118625
2024-04-07 04:00:00,814.3682218626385
2024-04-07 11:00:00,813.5743086686205
2024-04-08 00:00:00,814.1444138981104
2024-04-08 01:00:00,814.7378974627221
2024-04-09 00:00:00,813.9121250113537
2024-04-09 01:00:00,813.0799906455221
2024-04-10 00:00:00,812.16964306632
2024-04-10 01:00:00,811.2473604589003
2024-04-11 02:00:00,811.9634266983743
2024-04-11 03:00:00,812.6525450540629
2024-04-12 00:00:00,813.3368521968293
2024-04-12 01:00:00,813.9966292547033
2024-04-13 00:00:00,812.9099010837589
2024-04-13 01:00:00,813.6294952577495
2024-04-14 00:00:00,812.4664463606748
2024-04-14 01:00:00,811.2896767087409
2024-04-15 01:00:00,812.1830267047717
2024-04-15 02:00:00,813.0627888436914
2024-04-16 00:00:00,812.2198321001514
2024-04-16 01:00:00,811.3788023813796
2024-04-17 01:00:00,810.3580184642235
2024-04-17 02:00:00,809.3383013612837
2024-04-18 00:00:00,810.0795961498453
2024-04-18 14:00:00,809.0523495833551
2024-04-18 15:00:00,808.0080974310795
2024-04-19 00:00:00,806.9329664422739
2024-04-19 01:00:00,805.8101884766652
2024-04-20 00:00:00,806.644753125402
2024-04-20 03:00:00,805.6419249947367
2024-04-21 00:00:00,806.2235422901629
2024-04-21 01:00:00,806.8052680210192
2024-04-22 01:00:00,807.4237856111865
2024-04-22 03:00:00,808.0869944263501
2024-04-23 04:00:00,807.2408570396634
2024-04-23 05:00:00,806.3976441863313
2024-04-24 00:00:00,805.5773794602576
2024-04-24 01:00:00,804.7663487654966
2024-04-25 01:00:00,805.5366780728153
2024-04-25 02:00:00,806.310409641682
2024-04-26 01:00:00,807.0423735951953
2024-04-26 12:00:00,806.2267835471921
2024-04-27 00:00:00,805.3156561903559
2024-04-27 01:00:00,806.0442751060848
2024-04-28 02:00:00,806.5895566039403
2024-04-28 03:00:00,805.7666588963968
2024-04-29 00:00:00,804.9937972994771
2024-04-29 01:00:00,804.2236872160446
2024-04-30 00:00:00,803.2909953515193
2024-04-30 01:00:00,802.3175252031101
2024-05-01 01:00:00,801.2675266365965
2024-05-01 02:00:00,800.2173283822046
2024-05-02 00:00:00,800.9926102374342
2024-05-02 13:00:00,801.7024757432531
2024-05-02 14:00:00,802.4139157246941
2024-05-03 02:00:00,801.4595539747114
2024-05-03 03:00:00,800.5109581369321
2024-05-04 00:00:00,801.3557243074805
2024-05-04 01:00:00,802.2122664708525
2024-05-05 00:00:00,801.3237789200364
2024-05-05 01:00:00,801.9604468978816
2024-05-06 01:00:00,801.1475546207249
2024-05-06 02:00:00,801.7030296062788
2024-05-07 00:00:00,800.7533233854944
2024-05-07 04:00:00,801.438281352433
2024-05-08 00:00:00,800.5122719747503
2024-05-08 01:00:00,799.6092793731991
2024-05-09 00:00:00,798.7045339591347
2024-05-09 01:00:00,797.8097422361403
2024-05-10 01:00:00,798.5003796080198
2024-05-10 02:00:00,799.171726935535
2024-05-11 03:00:00,799.9379987668962
2024-05-11 04:00:00,800.5631099588005
2024-05-12 00:00:00,799.810983211359
2024-05-12 02:00:00,799.0673326733067
2024-05-13 02:00:00,799.5778978412044
2024-05-13 03:00:00,798.7743804485159
2024-05-14 00:00:00,797.9630616776616
2024-05-14 01:00:00,797.1434663630779
2024-05-15 00:00:00,797.7717819734972
2024-05-15 01:00:00,798.4069829023584
2024-05-16 00:00:00,799.2114256279724
2024-05-16 13:00:00,798.3795121330232
2024-05-16 14:00:00,797.5396093427787
2024-05-17 05:00:00,798.088884788734
2024-05-17 10:00:00,797.2909654293804
2024-05-18 02:00:00,797.8776155749678
2024-05-18 03:00:00,798.4296777991826
2024-05-19 00:00:00,798.7880680140391
2024-05-19 10:00:00,798.0860825281586
2024-05-20 05:00:00,797.2989908918335
2024-05-20 06:00:00,797.8343359258952
2024-05-21 02:00:00,796.7777921057245
2024-05-21 03:00:00,795.7278943836309
2024-05-22 00:00:00,794.8408646145657
2024-05-22 01:00:00,793.9665758808698
2024-05-23 00:00:00,794.6523923909309
2024-05-23 08:00:00,795.1585518981013
2024-05-24 00:00:00,796.0342964230057
2024-05-24 01:00:00,796.8975116978819
2024-05-25 05:00:00,797.3226395163683
2024-05-25 11:00:00,796.6164679776365
2024-05-26 09:00:00,796.9460347847598
2024-05-26 10:00:00,796.2548927944212
2024-05-27 02:00:00,795.5059619743289
2024-05-27 03:00:00,794.7481941121453
2024-05-28 01:00:00,793.8467489494489
2024-05-28 02:00:00,792.9395610411782
2024-05-29 00:00:00,792.0454619818561
2024-05-29 02:00:00,791.1494652569895
2024-05-30 13:00:00,790.3193618072083
2024-05-30 14:00:00,790.9046697717795
2024-05-31 00:00:00,790.0458813466059
2024-05-31 01:00:00,789.1866189610821
2024-06-02 13:00:00,789.5634004241169
2024-06-02 14:00:00,788.8358906827481
2024-06-03 04:00:00,789.299297808384
2024-06-03 07:00:00,789.8013853301184
2024-06-04 01:00:00,788.8847533840398
2024-06-04 04:00:00,788.074140970733
2024-06-05 00:00:00,788.7012085642888
2024-06-05 04:00:00,789.3042527478839
2024-06-06 03:00:00,788.483039522324
2024-06-06 04:00:00,787.6851959973178
2024-06-07 00:00:00,786.8853089405236
2024-06-07 01:00:00,786.0878601713968
2024-06-08 07:00:00,786.5364433321608
2024-06-10 01:00:00,785.8525960008634
2024-06-10 15:00:00,785.147369416532
2024-06-11 00:00:00,784.4083945571958
2024-06-11 01:00:00,783.6260123060283
2024-06-12 02:00:00,782.7703037900897
2024-06-12 03:00:00,781.9424300964454
2024-06-13 00:00:00,782.7443892921207
2024-06-13 13:00:00,783.3817950369319
2024-06-14 13:00:00,782.6474394409236
2024-06-14 16:00:00,783.2114358689099
2024-06-17 12:00:00,783.6977370751953
2024-06-17 16:00:00,784.2845616931075
2024-06-18 02:00:00,785.0821030311431
2024-06-18 04:00:00,785.8517029720258
2024-06-19 00:00:00,784.9436659120354
2024-06-19 01:00:00,784.0217465866749
2024-06-20 09:00:00,784.433355638104
2024-06-20 16:00:00,783.6176572641423
2024-06-21 00:00:00,784.1171867570408
2024-06-21 01:00:00,784.6141623933179
2024-06-23 23:00:00,783.9287056761293
2024-06-24 00:00:00,784.2993052319027
2024-06-24 02:00:00,783.5447564550055
2024-06-25 00:00:00,782.5044132092075
2024-06-25 01:00:00,781.4788494028162
2024-06-26 01:00:00,782.1315805632671
2024-06-26 06:00:00,781.3238157576181
2024-06-27 21:00:00,781.8558645878687
2024-06-28 07:00:00,782.3132305037332
2024-06-28 08:00:00,782.7771501224379
2024-06-29 05:00:00,782.0423774605063
2024-07-01 00:00:00,782.5343589390458
2024-07-01 01:00:00,781.7308950619504
2024-07-02 02:00:00,782.2447760095193
2024-07-02 07:00:00,781.5195693570823
2024-07-03 02:00:00,780.7056360667452
2024-07-03 03:00:00,779.8858784025531
2024-07-04 00:00:00,780.5136570881684
2024-07-04 01:00:00,779.556802556504
2024-07-05 00:00:00,778.5423677392785
2024-07-05 02:00:00,777.4521533404236
2024-07-06 01:00:00,778.2570760181616
2024-07-06 02:00:00,779.0205577277376
2024-07-07 00:00:00,779.6125935325273
2024-07-07 02:00:00,778.7562279437601
2024-07-08 00:00:00,777.8404096320377
2024-07-08 01:00:00,778.5818542992811
2024-07-09 01:00:00,777.5201278901603
2024-07-09 02:00:00,776.4544797930823
2024-07-10 01:00:00,777.1570589125101
2024-07-10 03:00:00,777.8504506267935
2024-07-11 00:00:00,778.477340150475
2024-07-11 13:00:00,777.5540985968277
2024-07-11 14:00:00,776.5907110387952
2024-07-12 00:00:00,775.6408604051102
2024-07-12 01:00:00,776.4086012603393
2024-07-13 03:00:00,775.6141225619758
2024-07-13 07:00:00,774.8682122891423
2024-07-14 01:00:00,774.0619096593206
2024-07-14 03:00:00,774.6196083389995
2024-07-15 02:00:00,775.3043436266508
2024-07-15 03:00:00,776.0048847341926
2024-07-16 00:00:00,775.0960557219441
2024-07-16 01:00:00,774.1863949015335
2024-07-17 00:00:00,774.9584315968771
2024-07-17 01:00:00,775.7283676894054
2024-07-18 00:00:00,776.3718473003516
2024-07-18 01:00:00,776.9974234376141
2024-07-19 00:00:00,777.5949635688718
2024-07-19 05:00:00,776.809140819859
2024-07-20 09:00:00,776.0835805453846
2024-07-20 10:00:00,775.3661426434089
2024-07-21 00:00:00,775.8293392057171
2024-07-21 10:00:00,776.2460261549033
2024-07-22 00:00:00,776.9822719833599
2024-07-22 01:00:00,777.7397937199958
2024-07-23 00:00:00,776.8841696568959
2024-07-23 01:00:00,776.0297125228776
2024-07-24 00:00:00,776.7069016928834
2024-07-24 01:00:00,777.3903713559225
2024-07-25 00:00:00,776.4976580897662
2024-07-25 13:00:00,775.6575638581546
2024-07-25 14:00:00,774.7761435130493
2024-07-26 00:00:00,773.8525241849858
2024-07-26 01:00:00,772.9245332597427
2024-07-27 03:00:00,773.4748225672827
2024-07-27 06:00:00,773.9166607932868
2024-07-28 00:00:00,774.7032014738722
2024-07-28 01:00:00,775.4965941040248
2024-07-29 01:00:00,775.9601563491093
2024-07-29 03:00:00,776.4980860984791
2024-07-30 01:00:00,777.2964786682376
2024-07-30 02:00:00,778.0918501810938
2024-07-31 00:00:00,777.2190578862641
2024-07-31 01:00:00,776.3436683311442
2024-08-01 00:00:00,777.057375644003
2024-08-01 02:00:00,777.8073132861913
2024-08-02 00:00:00,776.8163932386935
2024-08-02 01:00:00,775.8209114247202
2024-08-03 00:00:00,776.7694374072041
2024-08-03 03:00:00,775.6663290847179
2024-08-04 01:00:00,774.7310033611112
2024-08-04 02:00:00,773.7954749033705
2024-08-05 00:00:00,772.9110507593308
2024-08-05 01:00:00,771.8403859961629
2024-08-06 03:00:00,770.776354545978
2024-08-06 04:00:00,769.8297974359905
2024-08-07 00:00:00,768.7632385184457
2024-08-07 02:00:00,767.6725552254591
2024-08-08 00:00:00,768.5414365100993
2024-08-08 13:00:00,767.4482151177872
2024-08-08 14:00:00,766.3223875151341
2024-08-09 01:00:00,765.4248521424151
2024-08-09 02:00:00,764.2703674944931
2024-08-10 05:00:00,763.3424002977653
2024-08-10 08:00:00,763.9929988285119
2024-08-11 15:00:00,763.1646327718003
2024-08-11 16:00:00,762.3297266802166
2024-08-12 02:00:00,763.0906876213805
2024-08-12 03:00:00,763.8503396414304
2024-08-13 00:00:00,762.9616519808962
2024-08-13 01:00:00,762.0907621769702
2024-08-14 00:00:00,761.134525934018
2024-08-14 01:00:00,760.1814224001756
2024-08-15 00:00:00,759.1801820440528
2024-08-15 02:00:00,758.1802139526496
2024-08-16 00:00:00,757.124865246095
2024-08-16 01:00:00,756.0709963743649
2024-08-17 03:00:00,756.700542102618
2024-08-17 04:00:00,757.3000109989231
2024-08-18 10:00:00,756.5103754656717
2024-08-18 11:00:00,757.0402190067148
2024-08-19 02:00:00,756.2362473296884
2024-08-19 13:00:00,756.8141762111079
2024-08-20 00:00:00,757.4928029229137
2024-08-20 01:00:00,758.17284812459
2024-08-21 00:00:00,758.8615953190871
2024-08-21 07:00:00,758.0825887655275
2024-08-22 00:00:00,757.1155228238192
2024-08-22 13:00:00,756.2511864110244
2024-08-22 14:00:00,756.8871872099717
2024-08-23 00:00:00,757.4751119955439
2024-08-23 01:00:00,758.060908446213
2024-08-24 10:00:00,757.2257848742815
2024-08-24 15:00:00,757.6340853640876
2024-08-25 04:00:00,756.8614144745472
2024-08-25 05:00:00,756.1005087596853
2024-08-26 01:00:00,755.3560759300651
2024-08-26 06:00:00,755.825699477964
2024-08-27 01:00:00,756.4756978456089
2024-08-27 03:00:00,757.108604561998
2024-08-28 00:00:00,757.9439967380674
2024-08-28 01:00:00,756.910320643925
2024-08-29 00:00:00,755.8959010484128
2024-08-29 01:00:00,754.8797344909887
2024-08-30 00:00:00,753.9188423020573
2024-08-30 01:00:00,752.9823703948762
2024-08-31 04:00:00,752.1540864004097
2024-08-31 06:00:00,751.4086984116146
2024-09-01 02:00:00,750.9701146174732
